pct_name,pct_id,pct_num,reg_vot,DEM,RFK,LIB,ASP,GRN,CON,REP,AUR,YES,NO,total_pres,total_rcv,prop_dem,prop_rep,prop_rfk,prop_yes,prop_no,exception
01-600 Ketchikan No. 1,01-600,1,2301,269,13,2,0,3,0,264,3,196,332,554,528,0.4855595667870036,0.47653429602888087,0.023465703971119134,0.3712121212121212,0.6287878787878788,FALSE
01-610 Ketchikan No. 2,01-610,2,2636,342,19,17,2,8,2,444,2,340,425,836,765,0.4090909090909091,0.5311004784688995,0.022727272727272728,0.4444444444444444,0.5555555555555556,FALSE
01-620 Ketchikan No. 3,01-620,3,1770,182,14,2,0,5,0,349,2,292,254,554,546,0.3285198555956679,0.6299638989169675,0.02527075812274368,0.5347985347985348,0.4652014652014652,FALSE
01-640 North Tongass No. 1,01-640,4,1116,114,5,2,0,0,0,289,2,242,160,412,402,0.2766990291262136,0.7014563106796117,0.012135922330097087,0.6019900497512438,0.39800995024875624,FALSE
01-650 North Tongass No. 2,01-650,5,1907,198,15,6,2,5,1,505,4,431,261,736,692,0.26902173913043476,0.686141304347826,0.020380434782608696,0.6228323699421965,0.37716763005780346,FALSE
01-660 Saxman,01-660,6,312,74,2,0,0,2,0,35,0,28,79,113,107,0.6548672566371682,0.30973451327433627,0.017699115044247787,0.2616822429906542,0.7383177570093458,FALSE
01-670 South Tongass,01-670,7,2004,212,17,10,0,3,0,378,1,332,272,621,604,0.3413848631239936,0.6086956521739131,0.027375201288244767,0.5496688741721855,0.4503311258278146,FALSE
01-675 Coffman Cove,01-675,8,331,21,4,1,0,0,0,80,1,75,29,107,104,0.19626168224299065,0.7476635514018691,0.037383177570093455,0.7211538461538461,0.27884615384615385,FALSE
01-680 Metlakatla,01-680,9,1032,264,24,2,0,3,2,150,1,193,225,446,418,0.5919282511210763,0.336322869955157,0.053811659192825115,0.46172248803827753,0.5382775119617225,FALSE
01-690 Wrangell,01-690,10,1968,200,12,4,1,1,2,451,1,399,252,672,651,0.2976190476190476,0.6711309523809523,0.017857142857142856,0.6129032258064516,0.3870967741935484,FALSE
02-700 Angoon,02-700,11,302,75,6,3,1,1,1,25,1,20,91,113,111,0.6637168141592921,0.22123893805309736,0.05309734513274336,0.18018018018018017,0.8198198198198198,FALSE
02-705 Craig,02-705,12,1217,119,13,2,3,1,1,248,2,215,163,389,378,0.3059125964010283,0.6375321336760925,0.033419023136246784,0.5687830687830688,0.4312169312169312,FALSE
02-720 Hoonah,02-720,13,691,108,17,2,0,1,0,129,1,88,149,258,237,0.4186046511627907,0.5,0.06589147286821706,0.37130801687763715,0.6286919831223629,FALSE
02-725 Hydaburg,02-725,14,283,71,6,1,0,3,0,16,1,26,59,98,85,0.7244897959183674,0.16326530612244897,0.061224489795918366,0.3058823529411765,0.6941176470588235,FALSE
02-730 Kake,02-730,15,353,104,5,0,0,1,1,64,3,52,122,178,174,0.5842696629213483,0.3595505617977528,0.028089887640449437,0.2988505747126437,0.7011494252873564,FALSE
02-735 Kasaan,02-735,16,60,7,2,2,0,1,0,13,0,9,14,25,23,0.28,0.52,0.08,0.391304347826087,0.6086956521739131,FALSE
02-740 Klawock,02-740,17,1329,134,6,1,1,2,1,197,1,167,146,343,313,0.39067055393586003,0.5743440233236151,0.01749271137026239,0.5335463258785943,0.46645367412140576,FALSE
02-750 Pelican-Elfin Cove,02-750,18,156,15,2,0,0,0,0,23,0,18,20,40,38,0.375,0.575,0.05,0.47368421052631576,0.5263157894736842,FALSE
02-755 Petersburg-Kupreanof,02-755,19,3031,277,22,10,7,9,7,498,2,440,360,832,800,0.3329326923076923,0.5985576923076923,0.026442307692307692,0.55,0.45,FALSE
02-760 Port Alexander,02-760,20,47,5,0,0,0,0,0,6,0,6,4,11,10,0.45454545454545453,0.5454545454545454,0,0.6,0.4,FALSE
02-765 Sitka No. 1,02-765,21,3669,436,23,10,2,9,2,467,6,411,516,955,927,0.45654450261780105,0.48900523560209425,0.024083769633507852,0.44336569579288027,0.5566343042071198,FALSE
02-770 Sitka No. 2,02-770,22,3840,456,30,9,2,11,3,386,3,302,553,900,855,0.5066666666666667,0.4288888888888889,0.03333333333333333,0.3532163742690059,0.6467836257309941,FALSE
02-775 Tenakee Springs,02-775,23,123,26,2,0,0,1,0,12,0,15,27,41,42,0.6341463414634146,0.2926829268292683,0.04878048780487805,0.35714285714285715,0.6428571428571429,FALSE
02-780 Thorne Bay,02-780,24,564,28,3,3,0,0,0,155,1,137,47,190,184,0.14736842105263157,0.8157894736842105,0.015789473684210527,0.7445652173913043,0.2554347826086957,FALSE
02-785 Yakutat,02-785,25,499,117,5,6,2,0,0,92,1,84,121,223,205,0.5246636771300448,0.4125560538116592,0.02242152466367713,0.4097560975609756,0.5902439024390244,FALSE
03-300 Auke Bay,03-300,26,2070,259,14,8,0,7,0,191,1,163,311,480,474,0.5395833333333333,0.39791666666666664,0.029166666666666667,0.3438818565400844,0.6561181434599156,FALSE
03-305 Lynn Canal,03-305,27,1426,225,7,4,0,5,1,183,0,161,261,425,422,0.5294117647058824,0.43058823529411766,0.01647058823529412,0.3815165876777251,0.6184834123222749,FALSE
03-310 Melvin Park,03-310,28,2350,259,16,10,0,7,2,273,2,206,350,569,556,0.45518453427065025,0.4797891036906854,0.028119507908611598,0.37050359712230213,0.6294964028776978,FALSE
03-315 Mendenhall Glacier,03-315,29,3379,400,19,13,3,3,1,477,3,391,512,919,903,0.4352557127312296,0.5190424374319913,0.020674646354733407,0.4330011074197121,0.5669988925802879,FALSE
03-320 Thunder Mountain,03-320,30,3568,361,13,9,4,5,0,404,3,299,473,799,772,0.4518147684605757,0.5056320400500626,0.016270337922403004,0.3873056994818653,0.6126943005181347,FALSE
03-325 Gustavus,03-325,31,579,104,1,4,0,4,1,75,0,63,117,189,180,0.5502645502645502,0.3968253968253968,0.005291005291005291,0.35,0.65,FALSE
03-330 Haines No. 1,03-330,32,2148,283,13,15,1,10,1,316,3,266,354,642,620,0.440809968847352,0.49221183800623053,0.020249221183800622,0.4290322580645161,0.5709677419354838,FALSE
03-335 Haines No. 2,03-335,33,317,46,1,1,1,4,0,55,1,40,63,109,103,0.42201834862385323,0.5045871559633027,0.009174311926605505,0.3883495145631068,0.6116504854368932,FALSE
03-340 Klukwan,03-340,34,71,26,0,1,0,4,0,10,0,7,32,41,39,0.6341463414634146,0.24390243902439024,0,0.1794871794871795,0.8205128205128205,FALSE
03-345 Skagway,03-345,35,1227,260,9,9,1,3,1,124,4,110,274,411,384,0.6326034063260341,0.30170316301703165,0.021897810218978103,0.2864583333333333,0.7135416666666666,FALSE
04-100 Douglas,04-100,36,1789,382,9,2,1,10,1,121,1,104,406,527,510,0.7248576850094877,0.22960151802656548,0.017077798861480076,0.20392156862745098,0.796078431372549,FALSE
04-105 Juneau Airport Area,04-105,37,1593,121,7,3,2,1,0,163,0,109,162,297,271,0.4074074074074074,0.5488215488215489,0.02356902356902357,0.4022140221402214,0.5977859778597786,FALSE
04-110 Juneau No. 1,04-110,38,2359,282,6,7,1,5,2,124,2,108,315,429,423,0.6573426573426573,0.289044289044289,0.013986013986013986,0.2553191489361702,0.7446808510638298,FALSE
04-115 Juneau No. 2,04-115,39,2367,358,9,4,1,8,0,72,8,69,382,460,451,0.7782608695652173,0.1565217391304348,0.01956521739130435,0.15299334811529933,0.8470066518847007,FALSE
04-120 Juneau No. 3,04-120,40,1097,164,8,3,1,2,0,76,1,60,185,255,245,0.6431372549019608,0.2980392156862745,0.03137254901960784,0.24489795918367346,0.7551020408163265,FALSE
04-125 Lemon Creek,04-125,41,2485,289,13,7,5,2,1,248,3,188,354,568,542,0.5088028169014085,0.43661971830985913,0.022887323943661973,0.34686346863468637,0.6531365313653137,FALSE
04-130 Glacier Valley Area,04-130,42,2247,178,4,2,0,11,0,187,1,134,236,383,370,0.46475195822454307,0.48825065274151436,0.010443864229765013,0.3621621621621622,0.6378378378378379,FALSE
04-135 North Douglas,04-135,43,1508,298,7,5,2,5,1,124,0,103,328,442,431,0.6742081447963801,0.28054298642533937,0.01583710407239819,0.23897911832946636,0.7610208816705336,FALSE
05-800 Chiniak,05-800,44,137,21,1,1,0,2,0,29,0,29,23,54,52,0.3888888888888889,0.5370370370370371,0.018518518518518517,0.5576923076923077,0.4423076923076923,FALSE
05-810 Flats,05-810,45,1869,169,4,6,2,2,1,373,0,277,241,557,518,0.30341113105924594,0.6696588868940754,0.00718132854578097,0.5347490347490348,0.46525096525096526,FALSE
05-815 Kodiak Island South,05-815,46,162,7,0,0,0,0,0,8,0,8,7,15,15,0.4666666666666667,0.5333333333333333,0,0.5333333333333333,0.4666666666666667,FALSE
05-820 Kodiak No. 1,05-820,47,2049,254,6,4,1,5,1,375,1,284,316,647,600,0.39258114374034003,0.5795981452859351,0.00927357032457496,0.47333333333333333,0.5266666666666666,FALSE
05-825 Kodiak No. 2,05-825,48,2045,284,12,4,2,8,4,378,1,291,331,693,622,0.4098124098124098,0.5454545454545454,0.017316017316017316,0.4678456591639871,0.5321543408360129,FALSE
05-830 Mission Road,05-830,49,3604,490,24,17,3,10,3,854,1,702,646,1402,1348,0.34950071326676174,0.609129814550642,0.017118402282453638,0.5207715133531158,0.4792284866468843,FALSE
05-835 Old Harbor,05-835,50,121,15,2,0,0,0,0,13,0,12,17,30,29,0.5,0.43333333333333335,0.06666666666666667,0.41379310344827586,0.5862068965517241,FALSE
05-840 Ouzinkie,05-840,51,136,35,2,2,0,1,0,16,0,14,35,56,49,0.625,0.2857142857142857,0.03571428571428571,0.2857142857142857,0.7142857142857143,FALSE
05-845 Port Lions,05-845,52,173,12,1,0,0,1,0,51,0,41,21,65,62,0.18461538461538463,0.7846153846153846,0.015384615384615385,0.6612903225806451,0.3387096774193548,FALSE
05-860 Cordova,05-860,53,2001,211,10,2,1,10,0,243,1,197,261,478,458,0.44142259414225943,0.5083682008368201,0.02092050209205021,0.43013100436681223,0.5698689956331878,FALSE
05-865 Seward-Lowell Point,05-865,54,1882,219,13,3,2,8,1,229,0,211,241,475,452,0.4610526315789474,0.48210526315789476,0.02736842105263158,0.4668141592920354,0.5331858407079646,FALSE
05-870 Tatitlek,05-870,55,112,14,1,0,0,0,0,4,0,6,13,19,19,0.7368421052631579,0.21052631578947367,0.05263157894736842,0.3157894736842105,0.6842105263157895,FALSE
06-200 Anchor Point,06-200,56,2560,216,17,15,0,11,2,726,1,638,311,988,949,0.21862348178137653,0.7348178137651822,0.01720647773279352,0.672286617492097,0.32771338250790305,FALSE
06-210 Diamond Ridge,06-210,57,1421,158,5,4,0,8,1,166,4,148,186,346,334,0.45664739884393063,0.4797687861271676,0.014450867052023121,0.4431137724550898,0.5568862275449101,FALSE
06-220 Fox River,06-220,58,1005,56,7,2,0,3,1,185,2,170,75,256,245,0.21875,0.72265625,0.02734375,0.6938775510204082,0.30612244897959184,FALSE
06-230 Homer No. 1,06-230,59,2973,240,21,5,3,8,4,270,1,241,281,552,522,0.43478260869565216,0.4891304347826087,0.03804347826086957,0.4616858237547893,0.5383141762452107,FALSE
06-240 Homer No. 2,06-240,60,2483,217,17,10,6,6,3,287,1,272,251,547,523,0.396709323583181,0.5246800731261426,0.031078610603290677,0.5200764818355641,0.47992351816443596,FALSE
06-250 Kachemak-Fritz Creek,06-250,61,2215,329,20,9,0,7,3,305,2,297,358,675,655,0.4874074074074074,0.45185185185185184,0.02962962962962963,0.4534351145038168,0.5465648854961832,FALSE
06-260 Kasilof,06-260,62,3611,239,15,11,3,6,4,804,2,708,348,1084,1056,0.22047970479704798,0.7416974169741697,0.013837638376383764,0.6704545454545454,0.32954545454545453,FALSE
06-270 Ninilchik,06-270,63,1765,158,5,5,0,3,3,459,0,395,200,633,595,0.24960505529225907,0.7251184834123223,0.007898894154818325,0.6638655462184874,0.33613445378151263,FALSE
06-280 Seldovia-Kachemak Bay,06-280,64,478,72,1,2,0,2,0,80,1,77,73,158,150,0.45569620253164556,0.5063291139240507,0.006329113924050633,0.5133333333333333,0.4866666666666667,FALSE
07-005 Central,07-005,65,2851,152,14,7,1,4,2,559,3,500,217,742,717,0.20485175202156333,0.7533692722371967,0.018867924528301886,0.697350069735007,0.30264993026499304,FALSE
07-010 K Beach,07-010,66,3486,168,21,9,2,6,2,679,1,598,263,888,861,0.1891891891891892,0.7646396396396397,0.02364864864864865,0.6945412311265969,0.305458768873403,FALSE
07-015 Kenai No. 1,07-015,67,3252,213,13,10,1,5,4,502,3,430,289,751,719,0.2836218375499334,0.6684420772303595,0.017310252996005325,0.5980528511821975,0.4019471488178025,FALSE
07-020 Kenai No. 2,07-020,68,1731,104,7,2,0,4,3,321,1,274,153,442,427,0.23529411764705882,0.7262443438914027,0.01583710407239819,0.6416861826697893,0.3583138173302108,FALSE
07-025 Kenai No. 3,07-025,69,1535,88,5,3,2,0,0,239,0,194,132,337,326,0.26112759643916916,0.7091988130563798,0.01483679525222552,0.5950920245398773,0.4049079754601227,FALSE
07-030 Soldotna,07-030,70,4183,220,19,9,4,4,2,579,2,470,333,839,803,0.2622169249106079,0.6901072705601907,0.02264600715137068,0.5853051058530511,0.41469489414694893,FALSE
08-035 Bear Creek,08-035,71,1920,227,12,2,0,8,0,341,5,318,253,595,571,0.3815126050420168,0.573109243697479,0.020168067226890758,0.5569176882661997,0.44308231173380036,FALSE
08-040 Cooper Landing,08-040,72,405,65,4,3,0,1,0,73,0,66,74,146,140,0.4452054794520548,0.5,0.0273972602739726,0.4714285714285714,0.5285714285714286,FALSE
08-045 Funny River No. 1,08-045,73,1162,71,2,2,0,0,0,260,2,235,97,337,332,0.21068249258160238,0.771513353115727,0.005934718100890208,0.70783132530120485,0.2921686746987952,FALSE
08-050 Funny River No. 2,08-050,74,1275,44,5,5,1,0,2,214,1,169,91,272,260,0.16176470588235295,0.7867647058823529,0.01838235294117647,0.65,0.35,FALSE
08-055 Hope,08-055,75,182,42,1,0,0,4,0,22,0,19,45,69,64,0.6086956521739131,0.3188405797101449,0.014492753623188406,0.296875,0.703125,FALSE
08-060 Mackey Lake,08-060,76,2465,112,8,4,0,4,2,402,1,347,165,533,512,0.2101313320825516,0.7542213883677298,0.0150093808630394,0.677734375,0.322265625,FALSE
08-065 Moose Pass,08-065,77,385,70,4,1,0,3,0,80,0,74,81,158,155,0.4430379746835443,0.5063291139240507,0.02531645569620253,0.4774193548387097,0.5225806451612903,FALSE
08-070 Nikiski,08-070,78,2344,115,10,6,3,2,2,663,0,584,191,801,775,0.14357053682896379,0.8277153558052435,0.012484394506866416,0.7535483870967742,0.24645161290322581,FALSE
08-075 Salamatof,08-075,79,2614,110,9,4,0,1,2,635,3,553,184,764,737,0.14397905759162305,0.831151832460733,0.011780104712041885,0.7503392130257802,0.2496607869742198,FALSE
08-080 Sterling No. 1,08-080,80,2302,120,13,5,2,2,3,560,0,491,194,705,685,0.1702127659574468,0.7943262411347518,0.018439716312056736,0.7167883211678832,0.2832116788321168,FALSE
08-085 Sterling No. 2,08-085,81,2474,129,10,3,0,0,1,669,1,564,205,813,769,0.15867158671586715,0.8228782287822878,0.012300123001230012,0.7334200260078023,0.2665799739921977,FALSE
09-105 Girdwood,09-105,82,1966,583,28,9,0,11,1,186,2,189,607,820,796,0.7109756097560975,0.22682926829268293,0.03414634146341464,0.23743718592964824,0.7625628140703518,FALSE
09-110 Indian,09-110,83,302,67,0,0,1,4,0,57,1,48,78,130,126,0.5153846153846153,0.43846153846153846,0,0.38095238095238093,0.6190476190476191,FALSE
09-115 South Anchorage No. 1,09-115,84,2867,465,24,11,2,1,1,619,1,553,549,1124,1102,0.41370106761565834,0.550711743772242,0.021352313167259787,0.5018148820326679,0.4981851179673321,FALSE
09-120 South Anchorage No. 2,09-120,85,3303,428,27,12,1,2,4,734,1,627,552,1209,1179,0.35401157981803144,0.6071133167907361,0.022332506203473945,0.5318066157760815,0.4681933842239186,FALSE
09-125 South Anchorage No. 3,09-125,86,2868,420,17,11,4,5,5,564,1,522,487,1027,1009,0.4089581304771178,0.549172346640701,0.016553067185978577,0.5173439048562933,0.48265609514370666,FALSE
09-130 South Anchorage No. 4,09-130,87,3126,449,22,11,2,6,0,627,0,573,521,1117,1094,0.40196956132497763,0.5613249776186213,0.019695613249776187,0.5237659963436929,0.47623400365630714,FALSE
09-135 South Anchorage No. 5,09-135,88,1407,223,7,8,1,1,1,257,0,237,252,498,489,0.44779116465863456,0.5160642570281124,0.014056224899598393,0.48466257668711654,0.5153374233128835,FALSE
09-140 Stuckagain Heights,09-140,89,438,85,2,1,0,2,0,67,0,59,96,157,155,0.5414012738853503,0.4267515923566879,0.012738853503184714,0.38064516129032255,0.6193548387096774,FALSE
09-145 Whittier,09-145,90,255,30,2,1,0,0,0,48,0,35,35,81,70,0.37037037037037035,0.5925925925925926,0.024691358024691357,0.5,0.5,FALSE
10-150 Dimond,10-150,91,3476,354,21,4,2,15,2,414,3,358,421,815,779,0.4343558282208589,0.5079754601226993,0.025766871165644172,0.4595635430038511,0.540436456996149,FALSE
10-155 Oceanview No. 1,10-155,92,3198,449,14,8,1,7,1,558,0,471,530,1038,1001,0.4325626204238921,0.5375722543352601,0.01348747591522158,0.47052947052947053,0.5294705294705294,FALSE
10-160 Oceanview No. 2,10-160,93,1880,289,14,8,2,3,2,388,1,353,345,707,698,0.4087694483734088,0.5487977369165488,0.019801980198019802,0.505730659025788,0.49426934097421205,FALSE
10-165 Oceanview No. 3,10-165,94,2833,398,19,10,6,8,2,509,1,444,484,953,928,0.4176285414480588,0.534102833158447,0.01993704092339979,0.47844827586206895,0.521551724137931,FALSE
10-170 Oceanview No. 4,10-170,95,1966,346,17,11,0,3,1,446,4,401,413,828,814,0.4178743961352657,0.538647342995169,0.020531400966183576,0.4926289926289926,0.5073710073710074,FALSE
10-175 Oceanview No. 5,10-175,96,2047,271,10,5,1,8,1,375,1,324,324,672,648,0.40327380952380953,0.5580357142857143,0.01488095238095238,0.5,0.5,FALSE
11-205 Hillside No. 1,11-205,97,2400,270,12,4,0,7,0,330,2,291,316,625,607,0.432,0.528,0.0192,0.4794069192751236,0.5205930807248764,FALSE
11-210 Hillside No. 2,11-210,98,3806,502,19,14,4,12,1,641,3,580,583,1196,1163,0.4197324414715719,0.5359531772575251,0.01588628762541806,0.49871023215821153,0.5012897678417885,FALSE
11-215 Hillside No. 3,11-215,99,1594,236,13,7,6,2,2,370,1,333,289,637,622,0.3704866562009419,0.5808477237048666,0.02040816326530612,0.5353697749196141,0.4646302250803859,FALSE
11-220 Hillside No. 4,11-220,100,2019,237,3,6,1,5,0,429,1,363,300,682,663,0.34750733137829914,0.6290322580645161,0.004398826979472141,0.5475113122171946,0.45248868778280543,FALSE
11-225 Hillside No. 5,11-225,101,1697,307,18,13,3,3,2,402,1,358,383,749,741,0.4098798397863818,0.5367156208277704,0.02403204272363151,0.48313090418353577,0.5168690958164642,FALSE
11-230 Hillside No. 6,11-230,102,2209,344,20,9,1,3,7,388,1,373,395,773,768,0.445019404915912,0.5019404915912031,0.0258732212160414,0.4856770833333333,0.5143229166666666,FALSE
11-235 Hillside No. 7,11-235,103,1726,304,7,5,2,4,0,320,0,286,352,642,638,0.4735202492211838,0.4984423676012461,0.010903426791277258,0.4482758620689655,0.5517241379310345,FALSE
12-250 Southeast Anchorage No. 1,12-250,104,3369,349,14,6,2,10,1,491,3,387,448,876,835,0.3984018264840183,0.5605022831050228,0.01598173515981735,0.46347305389221555,0.5365269461077844,FALSE
12-255 Southeast Anchorage No. 2,12-255,105,1648,187,7,7,1,4,0,279,2,244,229,487,473,0.3839835728952772,0.5728952772073922,0.014373716632443531,0.5158562367864693,0.48414376321353064,FALSE
12-260 Southeast Anchorage No. 3,12-260,106,2660,342,10,12,4,4,2,418,6,364,383,798,747,0.42857142857142855,0.5238095238095238,0.012531328320802004,0.48728246318607765,0.5127175368139224,FALSE
12-265 Southeast Anchorage No. 4,12-265,107,2185,345,13,4,2,8,2,427,2,367,418,803,785,0.42963885429638854,0.5317559153175592,0.0161892901618929,0.467515923566879,0.532484076433121,FALSE
12-270 Southeast Anchorage No. 5,12-270,108,3311,398,18,9,1,7,1,516,4,432,499,954,931,0.4171907756813417,0.5408805031446541,0.018867924528301886,0.4640171858216971,0.5359828141783028,FALSE
12-275 Southeast Anchorage No. 6,12-275,109,2246,406,13,6,1,3,1,363,2,319,454,795,773,0.5106918238993711,0.45660377358490567,0.016352201257861635,0.4126778783958603,0.5873221216041398,FALSE
13-305 South Midtown No. 1,13-305,110,689,82,3,1,0,0,1,133,2,109,107,222,216,0.36936936936936937,0.5990990990990991,0.013513513513513514,0.5046296296296297,0.49537037037037035,FALSE
13-310 South Midtown No. 2,13-310,111,3639,460,24,10,3,6,1,576,1,494,552,1081,1046,0.425531914893617,0.5328399629972248,0.022201665124884366,0.4722753346080306,0.5277246653919694,FALSE
13-315 South Midtown No. 3,13-315,112,3624,417,20,9,2,6,1,520,0,449,506,975,955,0.4276923076923077,0.5333333333333333,0.020512820512820513,0.4701570680628272,0.5298429319371728,FALSE
13-320 South Midtown No. 4,13-320,113,3894,403,10,10,1,18,3,500,3,413,500,948,913,0.42510548523206754,0.5274261603375527,0.010548523206751054,0.452354874041621,0.547645125958379,FALSE
13-325 South Midtown No. 5,13-325,114,3745,511,10,12,3,11,4,424,4,364,592,979,956,0.5219611848825332,0.4330949948927477,0.010214504596527068,0.3807531380753138,0.6192468619246861,FALSE
14-350 North Midtown No. 1,14-350,115,1188,169,4,3,0,4,1,108,0,88,187,289,275,0.5847750865051903,0.3737024221453287,0.01384083044982699,0.32,0.68,FALSE
14-355 North Midtown No. 2,14-355,116,1361,197,11,6,0,8,0,162,3,131,239,387,370,0.5090439276485789,0.4186046511627907,0.028423772609819122,0.35405405405405405,0.6459459459459459,FALSE
14-360 North Midtown No. 3,14-360,117,1098,143,6,7,1,1,0,159,3,119,185,320,304,0.446875,0.496875,0.01875,0.39144736842105265,0.6085526315789473,FALSE
14-365 North Midtown No. 4,14-365,118,3100,228,9,2,0,5,2,198,5,143,268,449,411,0.5077951002227171,0.44097995545657015,0.0200445434298441,0.34793187347931875,0.6520681265206812,FALSE
14-370 North Midtown No. 5,14-370,119,3107,386,10,7,2,6,3,320,2,290,429,736,719,0.5244565217391305,0.43478260869565216,0.01358695652173913,0.40333796940194716,0.5966620305980529,FALSE
14-375 North Midtown No. 6,14-375,120,2194,242,9,2,1,5,7,230,0,197,282,496,479,0.4879032258064516,0.4637096774193548,0.018145161290322582,0.4112734864300626,0.5887265135699373,FALSE
14-380 North Midtown No. 7,14-380,121,2800,530,11,10,1,6,2,298,0,270,575,858,845,0.6177156177156177,0.3473193473193473,0.01282051282051282,0.31952662721893493,0.6804733727810651,FALSE
15-405 Southwest Anchorage No. 1,15-405,122,1882,282,16,6,2,1,3,350,2,330,312,662,642,0.4259818731117825,0.5287009063444109,0.02416918429003021,0.514018691588785,0.48598130841121495,FALSE
15-410 Southwest Anchorage No. 2,15-410,123,2387,330,17,9,1,4,2,415,3,360,403,781,763,0.4225352112676056,0.5313700384122919,0.02176696542893726,0.47182175622542594,0.528178243774574,FALSE
15-415 Southwest Anchorage No. 3,15-415,124,2752,404,18,10,0,5,0,498,2,410,493,937,903,0.4311632870864461,0.5314834578441836,0.0192102454642476,0.4540420819490587,0.5459579180509413,FALSE
15-420 Southwest Anchorage No. 4,15-420,125,2770,361,19,10,2,3,0,421,5,346,425,821,771,0.4397076735688185,0.51278928136419,0.023142509135200974,0.4487678339818418,0.5512321660181583,FALSE
15-425 Southwest Anchorage No. 5,15-425,126,2508,361,7,8,1,7,3,395,0,346,407,782,753,0.4616368286445013,0.5051150895140665,0.008951406649616368,0.4594953519256308,0.5405046480743692,FALSE
15-430 Southwest Anchorage No. 6,15-430,127,3398,470,23,12,1,6,1,653,4,557,584,1170,1141,0.4017094017094017,0.5581196581196581,0.019658119658119658,0.48816827344434705,0.5118317265556529,FALSE
16-450 West Anchorage No. 1,16-450,128,1883,446,5,3,1,9,1,186,2,169,475,653,644,0.6830015313935681,0.28483920367534454,0.007656967840735069,0.26242236024844723,0.7375776397515528,FALSE
16-455 West Anchorage No. 2,16-455,129,2329,429,11,13,3,4,3,329,2,269,489,794,758,0.5403022670025189,0.41435768261964734,0.013853904282115869,0.3548812664907652,0.6451187335092349,FALSE
16-460 West Anchorage No. 3,16-460,130,3419,546,14,14,3,11,3,448,5,379,620,1044,999,0.5229885057471264,0.42911877394636017,0.013409961685823755,0.3793793793793794,0.6206206206206206,FALSE
16-465 West Anchorage No. 4,16-465,131,1969,243,6,6,1,6,0,267,2,215,298,531,513,0.4576271186440678,0.5028248587570622,0.011299435028248588,0.4191033138401559,0.580896686159844,FALSE
16-470 West Anchorage No. 5,16-470,132,2586,398,17,10,1,7,3,466,2,407,464,904,871,0.44026548672566373,0.5154867256637168,0.018805309734513276,0.4672789896670494,0.5327210103329506,FALSE
16-475 West Anchorage No. 6,16-475,133,2049,345,16,6,2,8,0,383,3,340,400,763,740,0.4521625163826999,0.5019659239842726,0.020969855832241154,0.4594594594594595,0.5405405405405406,FALSE
16-480 West Anchorage No. 7,16-480,134,1835,266,13,15,2,5,2,311,1,257,338,615,595,0.432520325203252,0.5056910569105691,0.02113821138211382,0.4319327731092437,0.5680672268907563,FALSE
17-505 Downtown Anchorage No. 1,17-505,135,1793,193,6,7,2,4,0,129,3,105,223,344,328,0.561046511627907,0.375,0.01744186046511628,0.3201219512195122,0.6798780487804879,FALSE
17-510 Downtown Anchorage No. 2,17-510,136,1813,336,11,2,0,4,0,133,4,126,352,490,478,0.6857142857142857,0.2714285714285714,0.022448979591836733,0.26359832635983266,0.7364016736401674,FALSE
17-515 Downtown Anchorage No. 3,17-515,137,1006,212,4,6,1,2,0,113,4,108,229,342,337,0.6198830409356725,0.3304093567251462,0.011695906432748537,0.32047477744807124,0.6795252225519288,FALSE
17-520 Downtown Anchorage No. 4,17-520,138,3017,375,7,5,0,10,1,231,2,212,404,631,616,0.5942947702060222,0.36608557844690964,0.011093502377179081,0.34415584415584416,0.6558441558441559,FALSE
17-525 Downtown Anchorage No. 5,17-525,139,2943,251,11,5,0,7,0,152,5,130,281,431,411,0.5823665893271461,0.35266821345707655,0.025522041763341066,0.31630170316301703,0.683698296836983,FALSE
17-530 Downtown Anchorage No. 6,17-530,140,1883,179,7,1,0,6,0,115,2,109,189,310,298,0.5774193548387097,0.3709677419354839,0.02258064516129032,0.36577181208053694,0.6342281879194631,FALSE
17-535 Downtown Anchorage No. 7,17-535,141,2869,247,12,2,0,5,0,173,6,136,286,445,422,0.5550561797752809,0.3887640449438202,0.02696629213483146,0.3222748815165877,0.6777251184834123,FALSE
18-550 Government Hill,18-550,142,1654,228,10,4,0,4,0,171,0,118,269,417,387,0.5467625899280576,0.41007194244604317,0.023980815347721823,0.3049095607235142,0.6950904392764858,FALSE
18-555 JBER No.1,18-555,143,5851,214,24,11,3,2,3,570,2,383,375,829,758,0.25814234016887816,0.6875753920386007,0.028950542822677925,0.5052770448548812,0.4947229551451187,FALSE
18-556 JBER No.2,18-556,144,1942,78,7,3,0,1,1,147,1,106,103,238,209,0.3277310924369748,0.6176470588235294,0.029411764705882353,0.507177033492823,0.49282296650717705,FALSE
18-560 North Muldoon,18-560,145,1939,158,11,5,0,5,1,164,3,121,219,347,340,0.4553314121037464,0.47262247838616717,0.03170028818443804,0.3558823529411765,0.6441176470588236,FALSE
18-565 Ship Creek,18-565,146,1071,47,0,1,0,2,0,35,1,26,55,86,81,0.5465116279069767,0.4069767441860465,0,0.32098765432098764,0.6790123456790124,FALSE
19-605 Airport Heights No. 1,19-605,147,2330,440,9,6,0,9,3,250,3,236,466,720,702,0.6111111111111112,0.3472222222222222,0.0125,0.33618233618233617,0.6638176638176638,FALSE
19-610 Airport Heights No. 2,19-610,148,3944,310,9,13,0,9,5,371,3,247,420,720,667,0.4305555555555556,0.5152777777777777,0.0125,0.37031484257871067,0.6296851574212894,FALSE
19-615 Mountainview No. 1,19-615,149,2047,215,6,7,0,2,2,166,3,135,236,401,371,0.5361596009975063,0.4139650872817955,0.014962593516209476,0.3638814016172507,0.6361185983827493,FALSE
19-620 Mountainview No. 2,19-620,150,2637,178,6,3,0,4,1,184,0,135,213,376,348,0.4734042553191489,0.48936170212765956,0.015957446808510637,0.3879310344827586,0.6120689655172413,FALSE
19-625 South Mountainview,19-625,151,2622,215,3,3,2,7,0,229,1,189,237,460,426,0.4673913043478261,0.49782608695652175,0.006521739130434782,0.44366197183098594,0.5563380281690141,FALSE
20-650 University No. 1,20-650,152,1118,144,5,1,0,2,0,113,3,100,149,268,249,0.5373134328358209,0.4216417910447761,0.018656716417910446,0.40160642570281124,0.5983935742971888,FALSE
20-655 University No. 2,20-655,153,3958,443,15,9,5,7,1,426,8,339,508,914,847,0.48468271334792123,0.4660831509846827,0.016411378555798686,0.4002361275088548,0.5997638724911453,FALSE
20-660 University No. 3,20-660,154,3120,480,15,11,1,5,2,391,3,324,553,908,877,0.5286343612334802,0.43061674008810574,0.016519823788546256,0.3694412770809578,0.6305587229190421,FALSE
20-665 University No. 4,20-665,155,1562,221,8,6,0,8,0,180,1,157,254,424,411,0.5212264150943396,0.42452830188679247,0.018867924528301886,0.3819951338199513,0.6180048661800487,FALSE
20-670 University No. 5,20-670,156,4774,637,26,16,9,12,3,587,6,511,723,1296,1234,0.49151234567901236,0.4529320987654321,0.020061728395061727,0.4141004862236629,0.5858995137763371,FALSE
21-705 East Anchorage No. 1,21-705,157,2273,340,13,10,4,9,5,304,3,269,407,688,676,0.4941860465116279,0.4418604651162791,0.0188953488372093,0.3979289940828402,0.6020710059171598,FALSE
21-710 East Anchorage No. 2,21-710,158,3073,347,19,7,2,4,2,418,3,367,407,802,774,0.43266832917705733,0.5211970074812967,0.02369077306733167,0.47416020671834624,0.5258397932816538,FALSE
21-715 East Anchorage No. 3,21-715,159,4233,477,11,13,3,5,3,587,3,476,600,1102,1076,0.43284936479128855,0.5326678765880217,0.009981851179673321,0.4423791821561338,0.5576208178438662,FALSE
21-720 East Anchorage No. 4,21-720,160,2740,413,11,7,1,7,0,410,5,375,445,854,820,0.48360655737704916,0.48009367681498827,0.01288056206088993,0.4573170731707317,0.5426829268292683,FALSE
21-725 East Anchorage No. 5,21-725,161,3783,600,14,9,1,8,3,572,5,528,666,1212,1194,0.49504950495049505,0.47194719471947194,0.01155115511551155,0.44221105527638194,0.5577889447236181,FALSE
22-750 Northeast Anchorage No. 1,22-750,162,3816,384,17,5,2,8,6,401,0,342,443,823,785,0.4665856622114216,0.48724179829890646,0.020656136087484813,0.4356687898089172,0.5643312101910828,FALSE
22-755 Northeast Anchorage No. 2,22-755,163,4045,339,9,8,0,4,2,399,0,344,400,761,744,0.4454664914586071,0.5243101182654402,0.011826544021024968,0.46236559139784944,0.5376344086021505,FALSE
22-760 Northeast Anchorage No. 3,22-760,164,4027,428,12,13,1,10,7,408,5,353,492,884,845,0.4841628959276018,0.46153846153846156,0.013574660633484163,0.41775147928994083,0.5822485207100592,FALSE
22-765 Northeast Anchorage No. 4,22-765,165,2811,245,4,1,2,5,4,296,2,251,292,559,543,0.43828264758497315,0.5295169946332737,0.007155635062611807,0.4622467771639042,0.5377532228360957,FALSE
23-805 Chugach Park No. 1,23-805,166,4514,375,31,22,5,9,2,611,6,548,486,1061,1034,0.353440150801131,0.5758718190386428,0.029217719132893498,0.5299806576402321,0.4700193423597679,FALSE
23-810 Eagle River No. 1,23-810,167,2789,219,14,11,0,6,7,368,1,331,273,626,604,0.3498402555910543,0.5878594249201278,0.022364217252396165,0.5480132450331126,0.4519867549668874,FALSE
23-815 Eagle River No. 2,23-815,168,3089,259,19,9,1,4,1,378,2,331,318,673,649,0.3848439821693908,0.5616641901931649,0.02823179791976226,0.5100154083204931,0.4899845916795069,FALSE
23-820 Hiland,23-820,169,2795,201,14,11,6,2,4,394,4,335,276,636,611,0.3160377358490566,0.6194968553459119,0.0220125786163522,0.5482815057283142,0.45171849427168576,FALSE
23-825 Meadow Creek No. 1,23-825,170,2579,277,15,5,2,7,2,411,0,353,341,719,694,0.3852573018080668,0.5716272600834492,0.02086230876216968,0.5086455331412104,0.49135446685878964,FALSE
23-830 Meadow Creek No. 2,23-830,171,1324,126,11,9,0,3,0,272,0,225,189,421,414,0.2992874109263658,0.6460807600950119,0.026128266033254157,0.5434782608695652,0.45652173913043476,FALSE
24-850 Chugach Park No. 2,24-850,172,2566,192,10,13,0,5,3,446,1,379,271,670,650,0.2865671641791045,0.6656716417910448,0.014925373134328358,0.583076923076923,0.4169230769230769,FALSE
24-855 Chugiak,24-855,173,1129,101,7,5,0,3,1,249,1,211,144,367,355,0.27520435967302453,0.6784741144414169,0.01907356948228883,0.5943661971830986,0.4056338028169014,FALSE
24-860 Eagle River No. 3,24-860,174,2988,191,18,11,2,2,5,378,4,315,275,611,590,0.31260229132569556,0.618657937806874,0.029459901800327332,0.5338983050847458,0.4661016949152542,FALSE
24-865 Eklutna,24-865,175,2132,198,12,12,4,5,1,408,0,354,257,640,611,0.309375,0.6375,0.01875,0.5793780687397708,0.4206219312602291,FALSE
24-870 Fire Lake,24-870,176,2893,228,13,5,1,1,3,468,1,397,304,720,701,0.31666666666666665,0.65,0.018055555555555554,0.5663338088445078,0.43366619115549215,FALSE
24-875 Peters Creek No. 1,24-875,177,2851,242,26,10,0,3,4,689,1,620,343,975,963,0.24820512820512822,0.7066666666666667,0.02666666666666667,0.6438213914849429,0.3561786085150571,FALSE
24-880 Peters Creek No. 2,24-880,178,1725,147,9,6,1,3,2,357,0,311,192,525,503,0.28,0.68,0.017142857142857144,0.6182902584493042,0.3817097415506958,FALSE
25-305 Butte,25-305,179,3510,278,28,9,3,6,4,863,4,775,376,1195,1151,0.23263598326359833,0.7221757322175733,0.023430962343096235,0.6733275412684622,0.3266724587315378,FALSE
25-310 Greater Palmer,25-310,180,1886,153,14,5,1,3,1,361,0,323,202,538,525,0.2843866171003718,0.671003717472119,0.026022304832713755,0.6152380952380953,0.38476190476190475,FALSE
25-315 Lazy Mountain,25-315,181,2029,207,8,8,2,3,1,554,1,491,267,784,758,0.26403061224489793,0.7066326530612245,0.01020408163265306,0.6477572559366754,0.35224274406332456,FALSE
25-320 Palmer City No. 1,25-320,182,2694,170,15,9,2,4,0,347,1,299,227,548,526,0.3102189781021898,0.6332116788321168,0.02737226277372263,0.5684410646387833,0.43155893536121676,FALSE
25-325 Palmer City No. 2,25-325,183,2475,184,14,14,0,6,1,339,1,290,234,559,524,0.3291592128801431,0.6064400715563506,0.025044722719141325,0.5534351145038168,0.44656488549618323,FALSE
25-330 Springer Loop,25-330,184,2162,176,14,13,2,1,1,536,3,458,252,746,710,0.2359249329758713,0.7184986595174263,0.01876675603217158,0.6450704225352113,0.35492957746478876,FALSE
25-335 Walby,25-335,185,2246,138,14,10,0,0,4,495,2,427,206,663,633,0.2081447963800905,0.746606334841629,0.021116138763197588,0.674565560821485,0.325434439178515,FALSE
26-350 Fairview No. 1,26-350,186,1841,76,17,6,0,5,1,392,0,359,127,497,486,0.1529175050301811,0.7887323943661971,0.03420523138832998,0.7386831275720165,0.2613168724279835,FALSE
26-355 Fairview No. 2,26-355,187,1283,91,12,3,0,3,0,282,0,247,128,391,375,0.23273657289002558,0.7212276214833759,0.030690537084398978,0.6586666666666666,0.3413333333333333,FALSE
26-360 Knik Goose Bay No. 1,26-360,188,4019,194,27,9,2,5,2,928,2,784,317,1169,1101,0.16595380667236956,0.7938408896492729,0.023096663815226688,0.7120799273387829,0.28792007266121705,FALSE
26-365 Knik Goose Bay No. 2,26-365,189,2619,157,13,8,1,0,2,599,0,539,218,780,757,0.2012820512820513,0.767948717948718,0.016666666666666666,0.7120211360634082,0.28797886393659183,FALSE
26-370 Knik Goose Bay No. 3,26-370,190,1739,100,10,5,0,0,1,393,0,329,148,509,477,0.19646365422396855,0.7721021611001965,0.019646365422396856,0.689727463312369,0.31027253668763105,FALSE
26-375 Mat-Su Campus,26-375,191,1938,164,10,5,2,2,1,440,2,388,222,626,610,0.26198083067092653,0.7028753993610224,0.01597444089456869,0.6360655737704918,0.3639344262295082,FALSE
26-380 Snowshoe,26-380,192,3073,185,21,11,1,5,2,760,2,680,270,987,950,0.18743667679837892,0.7700101317122594,0.02127659574468085,0.7157894736842105,0.28421052631578947,FALSE
27-405 Foothills,27-405,193,2503,120,10,7,0,8,2,563,1,489,181,711,670,0.16877637130801687,0.7918424753867792,0.014064697609001406,0.7298507462686568,0.2701492537313433,FALSE
27-410 Meadow Lakes No. 1,27-410,194,3665,179,14,7,1,2,6,853,1,751,270,1063,1021,0.16839134524929444,0.8024459078080903,0.01317027281279398,0.7355533790401567,0.2644466209598433,FALSE
27-415 Meadow Lakes No. 2,27-415,195,2678,141,11,12,3,1,11,709,0,639,213,888,852,0.15878378378378377,0.7984234234234234,0.012387387387387387,0.75,0.25,FALSE
27-420 Wasilla No. 1,27-420,196,3668,154,11,7,0,4,1,554,3,462,235,734,697,0.2098092643051771,0.7547683923705722,0.014986376021798364,0.6628407460545194,0.33715925394548063,FALSE
27-425 Wasilla No. 2,27-425,197,4240,178,20,9,2,3,0,721,1,604,295,934,899,0.1905781584582441,0.771948608137045,0.021413276231263382,0.6718576195773082,0.3281423804226919,FALSE
28-450 Lakes No. 1,28-450,198,2038,125,14,6,0,5,1,432,3,388,188,586,576,0.21331058020477817,0.7372013651877133,0.023890784982935155,0.6736111111111112,0.3263888888888889,FALSE
28-455 Lakes No. 2,28-455,199,1389,89,11,6,3,0,2,291,0,261,129,402,390,0.22139303482587064,0.7238805970149254,0.02736318407960199,0.6692307692307692,0.33076923076923076,FALSE
28-460 Seldon No. 1,28-460,200,3023,155,10,10,3,2,3,766,1,661,234,950,895,0.1631578947368421,0.8063157894736842,0.010526315789473684,0.7385474860335196,0.26145251396648045,FALSE
28-465 Seldon No. 2,28-465,201,4094,224,26,17,3,2,2,665,2,577,325,941,902,0.23804463336875664,0.7066950053134963,0.02763018065887354,0.6396895787139689,0.360310421286031,FALSE
28-470 Seward Meridian,28-470,202,1303,87,11,3,2,1,2,292,1,251,129,399,380,0.21804511278195488,0.731829573934837,0.02756892230576441,0.6605263157894737,0.3394736842105263,FALSE
28-475 Trunk,28-475,203,2684,208,18,7,3,6,4,504,2,451,286,752,737,0.2765957446808511,0.6702127659574468,0.023936170212765957,0.6119402985074627,0.3880597014925373,FALSE
28-480 Wasilla Lake,28-480,204,1897,83,8,6,1,3,1,291,1,249,129,394,378,0.21065989847715735,0.7385786802030457,0.02030456852791878,0.6587301587301587,0.3412698412698413,FALSE
29-505 Farm Loop,29-505,205,3077,180,21,9,0,3,4,752,3,670,260,972,930,0.18518518518518517,0.7736625514403292,0.021604938271604937,0.7204301075268817,0.27956989247311825,FALSE
29-510 Fishhook,29-510,206,4383,333,22,15,2,6,3,1003,5,848,472,1389,1320,0.23974082073434125,0.7221022318214543,0.01583873290136789,0.6424242424242425,0.3575757575757576,FALSE
29-515 Kings Lake,29-515,207,3062,172,15,11,0,2,2,678,1,604,247,881,851,0.1952326901248581,0.7695800227014756,0.0170261066969353,0.7097532314923619,0.2902467685076381,FALSE
29-520 Lakes No. 3,29-520,208,1540,78,5,4,0,3,1,260,1,241,107,352,348,0.2215909090909091,0.7386363636363636,0.014204545454545454,0.6925287356321839,0.3074712643678161,FALSE
29-525 Sheep Mountain,29-525,209,415,23,4,0,0,1,1,119,0,108,34,148,142,0.1554054054054054,0.8040540540540541,0.02702702702702703,0.7605633802816901,0.23943661971830985,FALSE
29-530 Sutton,29-530,210,1219,122,7,2,1,6,0,363,1,299,182,502,481,0.24302788844621515,0.7231075697211156,0.013944223107569721,0.6216216216216216,0.3783783783783784,FALSE
29-535 Valdez No. 1,29-535,211,1219,152,9,5,1,1,1,302,1,240,210,472,450,0.3220338983050847,0.6398305084745762,0.019067796610169493,0.5333333333333333,0.4666666666666667,FALSE
29-540 Valdez No. 2,29-540,212,817,83,1,2,0,2,1,132,2,97,113,223,210,0.3721973094170404,0.5919282511210763,0.004484304932735426,0.46190476190476193,0.5380952380952381,FALSE
29-545 Valdez No. 3,29-545,213,1237,113,7,4,0,5,2,244,0,203,159,375,362,0.30133333333333334,0.6506666666666666,0.018666666666666668,0.5607734806629834,0.43922651933701656,FALSE
30-550 Anderson/Clear,30-550,214,408,26,0,1,0,1,0,109,0,80,49,137,129,0.1897810218978102,0.7956204379562044,0,0.6201550387596899,0.3798449612403101,FALSE
30-555 Big Lake,30-555,215,3732,188,15,9,4,2,3,955,3,792,332,1179,1124,0.1594571670907549,0.8100084817642069,0.01272264631043257,0.7046263345195729,0.29537366548042704,FALSE
30-560 Cantwell,30-560,216,219,38,2,2,0,0,0,42,1,37,44,85,81,0.4470588235294118,0.49411764705882355,0.023529411764705882,0.4567901234567901,0.5432098765432098,FALSE
30-565 Denali Park,30-565,217,294,53,1,1,0,4,0,12,1,13,57,72,70,0.7361111111111112,0.16666666666666666,0.013888888888888888,0.18571428571428572,0.8142857142857143,FALSE
30-570 East Schrock,30-570,218,308,17,2,0,0,0,0,71,0,49,37,90,86,0.18888888888888888,0.7888888888888889,0.022222222222222223,0.5697674418604651,0.43023255813953487,FALSE
30-575 Healy,30-575,219,949,104,1,8,1,6,1,251,1,220,142,373,362,0.27882037533512066,0.6729222520107239,0.002680965147453083,0.6077348066298343,0.39226519337016574,FALSE
30-580 Houston,30-580,220,1929,91,5,5,0,0,1,418,3,333,152,523,485,0.1739961759082218,0.7992351816443595,0.009560229445506692,0.6865979381443299,0.3134020618556701,FALSE
30-585 Knik Goose Bay No. 4,30-585,221,3809,212,12,7,1,4,1,872,0,737,302,1109,1039,0.19116321009918846,0.7862939585211902,0.010820559062218215,0.7093358999037536,0.2906641000962464,FALSE
30-590 Trapper Creek,30-590,222,692,28,2,3,0,1,2,82,0,78,31,118,109,0.23728813559322035,0.6949152542372882,0.01694915254237288,0.7155963302752294,0.28440366972477066,FALSE
30-595 Susitna,30-595,223,1621,116,5,4,0,4,1,363,1,333,148,494,481,0.23481781376518218,0.7348178137651822,0.010121457489878543,0.6923076923076923,0.3076923076923077,FALSE
30-600 Talkeetna,30-600,224,1248,139,3,5,0,8,0,101,1,81,152,257,233,0.5408560311284046,0.39299610894941633,0.011673151750972763,0.34763948497854075,0.6523605150214592,FALSE
30-605 Willow,30-605,225,2385,222,13,5,0,1,3,744,1,653,302,989,955,0.224469160768453,0.7522750252780587,0.01314459049544995,0.6837696335078534,0.3162303664921466,FALSE
31-446 Aurora,31-446,226,3190,373,15,12,3,4,0,474,6,406,452,887,858,0.4205186020293123,0.5343855693348365,0.016910935738444193,0.4731934731934732,0.5268065268065268,FALSE
31-455 Fairbanks No. 1,31-455,227,3956,442,16,12,3,7,5,441,6,379,525,932,904,0.4742489270386266,0.47317596566523606,0.017167381974248927,0.4192477876106195,0.5807522123893806,FALSE
31-480 Fairbanks No. 2,31-480,228,3265,389,14,10,2,6,2,474,4,405,492,901,897,0.43174250832408434,0.5260821309655938,0.01553829078801332,0.451505016722408,0.5484949832775919,FALSE
31-485 Fairbanks No. 3,31-485,229,4112,373,17,10,2,6,2,450,6,372,467,866,839,0.43071593533487296,0.5196304849884527,0.019630484988452657,0.4433849821215733,0.5566150178784267,FALSE
32-355 Fairbanks No. 4,32-355,230,2865,310,18,5,0,9,7,447,3,375,403,799,778,0.3879849812265332,0.5594493116395495,0.02252816020025031,0.4820051413881748,0.5179948586118251,FALSE
32-365 Fairbanks No. 5,32-365,231,1976,246,21,4,0,5,0,308,0,269,305,584,574,0.4212328767123288,0.5273972602739726,0.03595890410958904,0.4686411149825784,0.5313588850174216,FALSE
32-375 Fort Wainwright,32-375,232,3379,96,8,2,4,1,0,265,0,175,159,376,334,0.2553191489361702,0.7047872340425532,0.02127659574468085,0.5239520958083832,0.47604790419161674,FALSE
32-385 Badger No. 2,32-385,233,3650,266,22,26,1,3,2,848,5,687,438,1173,1125,0.226768968456948,0.7229326513213982,0.01875532821824382,0.6106666666666667,0.3893333333333333,FALSE
33-130 Badger No. 1,33-130,234,3590,275,22,16,1,1,2,858,2,736,429,1177,1165,0.2336448598130841,0.7289719626168224,0.018691588785046728,0.6317596566523606,0.3682403433476395,FALSE
33-135 Chena Lakes,33-135,235,3321,189,14,10,0,1,1,956,1,793,360,1172,1153,0.1612627986348123,0.8156996587030717,0.011945392491467578,0.6877710320901995,0.31222896790980054,FALSE
33-155 Moose Creek,33-155,236,492,30,3,0,0,1,0,112,1,86,57,147,143,0.20408163265306123,0.7619047619047619,0.02040816326530612,0.6013986013986014,0.3986013986013986,FALSE
33-165 Newby,33-165,237,3494,235,17,12,2,5,6,961,2,831,385,1240,1216,0.18951612903225806,0.775,0.013709677419354839,0.6833881578947368,0.31661184210526316,FALSE
33-175 North Pole,33-175,238,2342,156,16,6,2,1,0,552,2,474,246,735,720,0.21224489795918366,0.7510204081632653,0.021768707482993196,0.6583333333333333,0.3416666666666667,FALSE
33-183 Plack,33-183,239,3457,168,12,9,3,8,1,935,2,784,316,1138,1100,0.14762741652021089,0.8216168717047452,0.01054481546572935,0.7127272727272728,0.2872727272727273,FALSE
34-235 Eielson,34-235,240,2293,77,2,2,1,1,0,248,0,151,149,331,300,0.2326283987915408,0.7492447129909365,0.006042296072507553,0.5033333333333333,0.49666666666666665,FALSE
34-238 Eielson Farm Road,34-238,241,160,9,1,0,0,0,0,48,0,43,15,58,58,0.15517241379310345,0.8275862068965517,0.017241379310344827,0.7413793103448276,0.25862068965517243,FALSE
34-240 Farmers Loop,34-240,242,2475,444,30,13,0,10,1,401,5,345,535,904,880,0.4911504424778761,0.4435840707964602,0.033185840707964605,0.39204545454545453,0.6079545454545454,FALSE
34-260 Salcha,34-260,243,1140,97,6,7,1,0,0,421,1,366,156,533,522,0.18198874296435272,0.7898686679174484,0.01125703564727955,0.7011494252873564,0.2988505747126437,FALSE
34-263 Steele Creek,34-263,244,3083,326,29,16,2,3,4,659,5,609,423,1044,1032,0.31226053639846746,0.6312260536398467,0.027777777777777776,0.5901162790697675,0.40988372093023256,FALSE
34-265 Steese,34-265,245,3206,353,22,13,1,10,4,611,1,529,461,1015,990,0.3477832512315271,0.6019704433497537,0.02167487684729064,0.5343434343434343,0.46565656565656566,FALSE
34-270 Summit,34-270,246,2723,301,24,8,3,3,6,518,4,475,382,867,857,0.34717416378316035,0.5974625144175317,0.02768166089965398,0.5542590431738623,0.4457409568261377,FALSE
34-280 Two Rivers,34-280,247,1219,131,7,4,0,0,1,356,1,290,193,500,483,0.262,0.712,0.014,0.6004140786749482,0.3995859213250518,FALSE
35-580 Airport,35-580,248,977,109,6,4,1,2,0,208,0,176,145,330,321,0.3303030303030303,0.6303030303030303,0.01818181818181818,0.5482866043613707,0.4517133956386293,FALSE
35-582 Chena,35-582,249,3978,619,16,18,8,18,2,731,9,645,752,1421,1397,0.43560872624912034,0.5144264602392681,0.011259676284306826,0.4617036506800286,0.5382963493199714,FALSE
35-584 Ester,35-584,250,1359,314,5,6,0,16,2,219,1,198,364,563,562,0.5577264653641207,0.38898756660746003,0.008880994671403197,0.35231316725978645,0.6476868327402135,FALSE
35-586 Geist,35-586,251,1832,253,12,5,2,5,1,298,2,248,318,578,566,0.43771626297577854,0.5155709342560554,0.020761245674740483,0.4381625441696113,0.5618374558303887,FALSE
35-587 Lakeview,35-587,252,514,36,1,0,0,0,0,86,0,73,45,123,118,0.2926829268292683,0.6991869918699187,0.008130081300813009,0.6186440677966102,0.3813559322033898,FALSE
35-592 Shanly,35-592,253,1698,211,3,3,3,12,2,192,4,171,244,430,415,0.4906976744186046,0.44651162790697674,0.0069767441860465115,0.41204819277108434,0.5879518072289157,FALSE
35-595 University Hills,35-595,254,1841,349,6,8,1,8,1,234,5,211,388,612,599,0.5702614379084967,0.38235294117647056,0.00980392156862745,0.35225375626043404,0.6477462437395659,FALSE
35-596 University West,35-596,255,3828,584,20,18,4,6,0,641,7,578,685,1280,1263,0.45625,0.50078125,0.015625,0.4576405384006334,0.5423594615993665,FALSE
36-001 Goldstream No. 1,36-001,256,1718,303,10,8,1,10,0,308,2,269,368,642,637,0.4719626168224299,0.4797507788161994,0.01557632398753894,0.42229199372056514,0.5777080062794349,FALSE
36-002 Goldstream No. 2,36-002,257,1645,447,10,9,0,17,0,278,5,242,524,766,766,0.5835509138381201,0.3629242819843342,0.013054830287206266,0.31592689295039167,0.6840731070496083,FALSE
36-010 Allakaket,36-010,258,116,35,0,0,0,1,0,1,1,4,35,38,39,0.9210526315789473,0.02631578947368421,0,0.10256410256410256,0.8974358974358975,FALSE
36-014 Anvik,36-014,259,46,16,0,0,1,1,0,7,0,10,14,25,24,0.64,0.28,0,0.4166666666666667,0.5833333333333334,FALSE
36-018 Arctic Village,36-018,260,102,48,2,0,0,0,0,3,0,18,35,53,53,0.9056603773584906,0.05660377358490566,0.03773584905660377,0.33962264150943394,0.660377358490566,FALSE
36-022 Beaver,36-022,261,50,11,1,0,0,0,0,4,0,6,9,16,15,0.6875,0.25,0.0625,0.4,0.6,FALSE
36-026 Bettles,36-026,262,69,5,1,0,0,0,0,5,0,4,7,11,11,0.45454545454545453,0.45454545454545453,0.09090909090909091,0.36363636363636365,0.6363636363636364,FALSE
36-034 Central,36-034,263,117,7,1,0,0,0,0,32,0,27,11,40,38,0.175,0.8,0.025,0.7105263157894737,0.2894736842105263,FALSE
36-038 Chistochina,36-038,264,196,13,1,0,0,0,0,55,0,42,22,69,64,0.18840579710144928,0.7971014492753623,0.014492753623188406,0.65625,0.34375,FALSE
36-042 Circle,36-042,265,187,16,0,0,0,0,0,4,0,6,12,20,18,0.8,0.2,0,0.3333333333333333,0.6666666666666666,FALSE
36-046 Copper Center,36-046,266,1111,89,10,2,4,3,0,242,1,217,128,351,345,0.2535612535612536,0.6894586894586895,0.02849002849002849,0.6289855072463768,0.3710144927536232,FALSE
36-050 Delta Junction,36-050,267,955,38,7,4,1,0,2,301,2,262,70,355,332,0.10704225352112676,0.847887323943662,0.01971830985915493,0.7891566265060241,0.21084337349397592,FALSE
36-054 Deltana,36-054,268,3363,134,9,4,2,2,4,1038,0,937,211,1193,1148,0.11232187761944677,0.8700754400670578,0.0075440067057837385,0.8162020905923345,0.1837979094076655,FALSE
36-058 Dot Lake,36-058,269,105,4,0,0,0,0,0,45,0,43,6,49,49,0.08163265306122448,0.9183673469387755,0,0.8775510204081632,0.12244897959183673,FALSE
36-062 Eagle,36-062,270,215,19,0,1,0,1,0,46,1,44,17,68,61,0.27941176470588236,0.6764705882352942,0,0.7213114754098361,0.2786885245901639,FALSE
36-066 Fort Yukon,36-066,271,393,97,2,0,3,1,1,30,1,45,85,135,130,0.7185185185185186,0.2222222222222222,0.014814814814814815,0.34615384615384615,0.6538461538461539,FALSE
36-070 Gakona,36-070,272,296,20,1,3,0,0,1,81,0,62,39,106,101,0.18867924528301888,0.7641509433962265,0.009433962264150943,0.6138613861386139,0.38613861386138615,FALSE
36-074 Galena,36-074,273,329,75,4,0,0,1,0,65,1,58,83,146,141,0.5136986301369864,0.4452054794520548,0.0273972602739726,0.41134751773049644,0.5886524822695035,FALSE
36-078 Glennallen,36-078,274,536,30,3,3,1,2,0,139,0,120,49,178,169,0.16853932584269662,0.7808988764044944,0.016853932584269662,0.7100591715976331,0.28994082840236685,FALSE
36-082 Grayling,36-082,275,118,22,2,1,3,2,1,20,0,25,27,51,52,0.43137254901960786,0.39215686274509803,0.0392156862745098,0.4807692307692308,0.5192307692307693,FALSE
36-086 Holy Cross,36-086,276,114,30,0,1,0,0,0,9,0,9,27,40,36,0.75,0.225,0,0.25,0.75,FALSE
36-090 Hughes,36-090,277,58,18,2,0,1,0,0,8,1,11,19,30,30,0.6,0.26666666666666666,0.06666666666666667,0.36666666666666664,0.6333333333333333,FALSE
36-094 Huslia,36-094,278,184,67,1,0,0,1,2,18,1,20,66,90,86,0.7444444444444445,0.2,0.011111111111111112,0.23255813953488372,0.7674418604651163,FALSE
36-098 Kaltag,36-098,279,111,24,3,0,0,1,0,9,0,8,27,37,35,0.6486486486486487,0.24324324324324326,0.08108108108108109,0.22857142857142856,0.7714285714285715,FALSE
36-102 Kenny Lake,36-102,280,548,42,4,3,2,1,0,132,1,126,52,185,178,0.22702702702702704,0.7135135135135136,0.021621621621621623,0.7078651685393258,0.29213483146067415,FALSE
36-106 Koyukuk,36-106,281,61,24,1,0,0,0,0,2,0,6,20,27,26,0.8888888888888888,0.07407407407407407,0.037037037037037035,0.23076923076923078,0.7692307692307693,FALSE
36-110 Manley,36-110,282,120,9,0,0,0,1,0,37,0,32,11,47,43,0.19148936170212766,0.7872340425531915,0,0.7441860465116279,0.2558139534883721,FALSE
36-114 McGrath,36-114,283,272,26,0,1,0,0,1,63,0,57,27,91,84,0.2857142857142857,0.6923076923076923,0,0.6785714285714286,0.32142857142857145,FALSE
36-118 Mentasta,36-118,284,87,23,3,1,0,0,0,11,0,11,26,38,37,0.6052631578947368,0.2894736842105263,0.07894736842105263,0.2972972972972973,0.7027027027027027,FALSE
36-122 Minto,36-122,285,124,21,4,0,0,1,0,25,0,22,25,51,47,0.4117647058823529,0.49019607843137253,0.0784313725490196,0.46808510638297873,0.5319148936170213,FALSE
36-126 Nenana,36-126,286,593,98,6,4,4,1,1,195,1,167,140,310,307,0.3161290322580645,0.6290322580645161,0.01935483870967742,0.5439739413680782,0.4560260586319218,FALSE
36-130 Nikolai,36-130,287,64,13,3,0,1,1,1,7,0,6,16,26,22,0.5,0.2692307692307692,0.11538461538461539,0.2727272727272727,0.7272727272727273,FALSE
36-134 Northway,36-134,288,221,22,3,0,0,0,0,43,1,25,41,69,66,0.3188405797101449,0.6231884057971014,0.043478260869565216,0.3787878787878788,0.6212121212121212,TRUE
36-138 Nulato,36-138,289,172,56,4,0,0,1,3,11,2,19,53,77,72,0.7272727272727273,0.14285714285714285,0.05194805194805195,0.2638888888888889,0.7361111111111112,FALSE
36-142 Ruby,36-142,290,98,17,1,0,0,0,0,12,0,10,19,30,29,0.5666666666666667,0.4,0.03333333333333333,0.3448275862068966,0.6551724137931034,FALSE
36-146 Shageluk,36-146,291,54,18,1,0,0,0,0,3,0,5,16,22,21,0.8181818181818182,0.13636363636363635,0.045454545454545456,0.23809523809523808,0.7619047619047619,FALSE
36-162 Tanana,36-162,292,149,60,2,0,2,0,0,15,0,19,55,79,74,0.759493670886076,0.189873417721519,0.02531645569620253,0.25675675675675674,0.7432432432432432,FALSE
36-166 Tetlin,36-166,293,73,12,1,0,0,0,1,16,0,11,19,30,30,0.4,0.5333333333333333,0.03333333333333333,0.36666666666666664,0.6333333333333333,FALSE
36-170 Tok,36-170,294,1410,89,9,6,3,1,4,401,0,353,139,513,492,0.17348927875243664,0.7816764132553606,0.017543859649122806,0.717479674796748,0.28252032520325204,FALSE
36-174 Venetie,36-174,295,144,31,0,0,0,1,0,12,0,15,28,44,43,0.7045454545454546,0.2727272727272727,0,0.3488372093023256,0.6511627906976745,FALSE
37-700 Akutan,37-700,296,435,23,0,1,0,0,0,24,0,17,29,48,46,0.4791666666666667,0.5,0,0.3695652173913043,0.6304347826086957,FALSE
37-702 Aleknagik,37-702,297,164,17,3,1,0,1,0,44,0,27,37,66,64,0.25757575757575757,0.6666666666666666,0.045454545454545456,0.421875,0.578125,FALSE
37-704 Aleutians No. 1,37-704,298,152,11,0,0,0,0,0,7,0,13,4,18,17,0.6111111111111112,0.3888888888888889,0,0.7647058823529411,0.23529411764705882,TRUE
37-706 Aleutians No. 2,37-706,299,1778,226,5,2,0,4,1,288,1,206,224,527,430,0.428842504743833,0.5464895635673624,0.009487666034155597,0.4790697674418605,0.5209302325581395,FALSE
37-707 Aniak,37-707,300,313,54,3,2,0,2,3,40,0,35,65,104,100,0.5192307692307693,0.38461538461538464,0.028846153846153848,0.35,0.65,FALSE
37-708 Chignik,37-708,301,220,9,1,0,0,1,0,4,0,6,10,15,16,0.6,0.26666666666666666,0.06666666666666667,0.375,0.625,FALSE
37-709 Chuathbaluk,37-709,302,55,8,1,0,0,1,0,9,0,3,16,19,19,0.42105263157894735,0.47368421052631576,0.05263157894736842,0.15789473684210525,0.8421052631578947,FALSE
37-710 Clark's Point,37-710,303,46,11,1,0,0,0,0,7,0,5,10,19,15,0.5789473684210527,0.3684210526315789,0.05263157894736842,0.3333333333333333,0.6666666666666666,FALSE
37-712 Cold Bay,37-712,304,79,6,0,0,0,0,0,13,0,14,6,19,20,0.3157894736842105,0.6842105263157895,0,0.7,0.3,FALSE
37-713 Crooked Creek,37-713,305,63,13,1,0,1,0,0,4,0,8,11,19,19,0.6842105263157895,0.21052631578947367,0.05263157894736842,0.42105263157894735,0.5789473684210527,FALSE
37-714 Dillingham,37-714,306,1699,266,12,4,0,6,1,253,1,188,329,543,517,0.48987108655616945,0.46593001841620624,0.022099447513812154,0.36363636363636365,0.6363636363636364,FALSE
37-716 Egegik,37-716,307,95,0,1,0,0,0,0,10,0,5,2,11,7,0,0.9090909090909091,0.09090909090909091,0.7142857142857143,0.2857142857142857,FALSE
37-718 Ekwok,37-718,308,72,8,2,0,0,1,0,23,0,15,15,34,30,0.23529411764705882,0.6764705882352942,0.058823529411764705,0.5,0.5,FALSE
37-719 Goodnews Bay,37-719,309,198,32,1,0,0,2,1,18,1,16,39,55,55,0.5818181818181818,0.32727272727272727,0.01818181818181818,0.2909090909090909,0.7090909090909091,FALSE
37-720 King Cove,37-720,310,339,22,4,0,1,1,3,76,0,56,44,107,100,0.205607476635514,0.7102803738317757,0.037383177570093455,0.56,0.44,FALSE
37-722 King Salmon,37-722,311,356,40,3,0,0,0,2,80,1,68,55,126,123,0.31746031746031744,0.6349206349206349,0.023809523809523808,0.5528455284552846,0.44715447154471544,FALSE
37-724 Koliganek,37-724,312,113,31,3,0,0,0,0,38,0,24,37,72,61,0.4305555555555556,0.5277777777777778,0.041666666666666664,0.39344262295081966,0.6065573770491803,FALSE
37-726 Lake Iliamna No. 1,37-726,313,212,29,0,0,1,0,0,73,0,41,56,103,97,0.2815533980582524,0.7087378640776699,0,0.422680412371134,0.5773195876288659,FALSE
37-728 Lake Iliamna No. 2,37-728,314,163,23,7,2,4,2,1,33,2,29,40,74,69,0.3108108108108108,0.44594594594594594,0.0945945945945946,0.42028985507246375,0.5797101449275363,FALSE
37-730 Levelock,37-730,315,40,15,1,0,0,1,0,6,0,7,16,23,23,0.6521739130434783,0.2608695652173913,0.043478260869565216,0.30434782608695654,0.6956521739130435,FALSE
37-731 Lower Kalskag,37-731,316,150,30,3,0,0,1,0,23,3,20,40,60,60,0.5,0.38333333333333336,0.05,0.3333333333333333,0.6666666666666666,FALSE
37-732 Manokotak,37-732,317,332,24,2,0,0,0,1,74,1,23,73,102,96,0.23529411764705882,0.7254901960784313,0.0196078431372549,0.23958333333333334,0.7604166666666666,TRUE
37-734 Naknek,37-734,318,417,46,4,1,0,0,0,88,0,69,63,139,132,0.33093525179856115,0.6330935251798561,0.02877697841726619,0.5227272727272727,0.4772727272727273,FALSE
37-736 New Stuyahok,37-736,319,297,39,0,0,0,2,1,7,2,16,37,51,53,0.7647058823529411,0.13725490196078433,0,0.3018867924528302,0.6981132075471698,FALSE
37-738 Nondalton,37-738,320,282,24,0,0,0,1,0,13,0,13,26,38,39,0.631578947368421,0.34210526315789475,0,0.3333333333333333,0.6666666666666666,FALSE
37-740 Pedro Bay,37-740,321,34,3,2,1,0,0,0,8,0,10,4,14,14,0.21428571428571427,0.5714285714285714,0.14285714285714285,0.7142857142857143,0.2857142857142857,FALSE
37-742 Port Heiden,37-742,322,62,13,0,0,0,1,0,10,0,7,16,24,23,0.5416666666666666,0.4166666666666667,0,0.30434782608695654,0.6956521739130435,FALSE
37-744 Sand Point,37-744,323,429,33,2,1,0,2,0,83,0,80,39,121,119,0.2727272727272727,0.6859504132231405,0.01652892561983471,0.6722689075630253,0.3277310924369748,FALSE
37-746 Sleetmute,37-746,324,99,14,1,0,1,1,1,6,0,3,18,24,21,0.5833333333333334,0.25,0.041666666666666664,0.14285714285714285,0.8571428571428571,FALSE
37-748 South Naknek,37-748,325,53,6,2,0,0,2,0,5,0,5,5,15,10,0.4,0.3333333333333333,0.13333333333333333,0.5,0.5,FALSE
37-750 St. George Island,37-750,326,31,2,1,0,0,0,0,3,0,0,5,6,5,0.3333333333333333,0.5,0.16666666666666666,0,1,FALSE
37-752 St. Paul Island,37-752,327,259,75,5,0,0,3,0,22,0,45,55,105,100,0.7142857142857143,0.20952380952380953,0.047619047619047616,0.45,0.55,FALSE
37-754 Togiak,37-754,328,587,48,6,3,1,2,0,75,0,61,78,135,139,0.35555555555555557,0.5555555555555556,0.044444444444444446,0.43884892086330934,0.5611510791366906,FALSE
37-756 Tyonek,37-756,329,380,29,0,0,0,0,0,8,0,13,22,37,35,0.7837837837837838,0.21621621621621623,0,0.37142857142857144,0.6285714285714286,FALSE
37-758 Upper Kalskag,37-758,330,127,32,1,0,1,0,0,19,1,18,37,54,55,0.5925925925925926,0.35185185185185186,0.018518518518518517,0.32727272727272727,0.6727272727272727,FALSE
38-800 Akiachak,38-800,331,443,75,14,1,0,2,3,62,0,60,95,157,155,0.47770700636942676,0.39490445859872614,0.08917197452229299,0.3870967741935484,0.6129032258064516,FALSE
38-802 Akiak,38-802,332,257,34,8,2,3,1,2,36,1,33,53,87,86,0.39080459770114945,0.41379310344827586,0.09195402298850575,0.38372093023255816,0.6162790697674418,FALSE
38-806 Atmautluak,38-806,333,210,22,5,0,0,0,2,11,1,16,26,41,42,0.5365853658536586,0.2682926829268293,0.12195121951219512,0.38095238095238093,0.6190476190476191,FALSE
38-808 Bethel No. 1,38-808,334,2100,300,19,5,0,3,4,245,2,189,351,578,540,0.5190311418685121,0.42387543252595156,0.0328719723183391,0.35,0.65,FALSE
38-810 Bethel No. 2,38-810,335,1935,275,19,8,3,0,5,254,2,218,318,566,536,0.48586572438162545,0.44876325088339225,0.03356890459363958,0.40671641791044777,0.5932835820895522,FALSE
38-812 Chefornak,38-812,336,321,66,8,2,0,1,1,17,1,22,74,96,96,0.6875,0.17708333333333334,0.08333333333333333,0.22916666666666666,0.7708333333333334,FALSE
38-813 Chevak,38-813,337,554,69,14,0,0,0,1,42,2,50,73,128,123,0.5390625,0.328125,0.109375,0.4065040650406504,0.5934959349593496,FALSE
38-818 Eek,38-818,338,229,43,6,0,0,1,5,38,0,28,63,93,91,0.46236559139784944,0.40860215053763443,0.06451612903225806,0.3076923076923077,0.6923076923076923,FALSE
38-822 Kasigluk,38-822,339,363,43,5,1,0,0,0,13,2,18,45,64,63,0.671875,0.203125,0.078125,0.2857142857142857,0.7142857142857143,FALSE
38-824 Kipnuk,38-824,340,455,49,5,0,1,0,2,50,1,41,68,108,109,0.4537037037037037,0.46296296296296297,0.046296296296296294,0.3761467889908257,0.6238532110091743,FALSE
38-826 Kongiganak,38-826,341,324,40,6,0,0,4,2,38,0,33,61,90,94,0.4444444444444444,0.4222222222222222,0.06666666666666667,0.35106382978723405,0.648936170212766,FALSE
38-828 Kwethluk,38-828,342,477,84,12,0,2,0,0,35,0,35,94,133,129,0.631578947368421,0.2631578947368421,0.09022556390977443,0.2713178294573643,0.7286821705426356,FALSE
38-830 Kwigillingok,38-830,343,237,25,1,0,1,0,2,49,0,21,58,78,79,0.32051282051282054,0.6282051282051282,0.01282051282051282,0.26582278481012656,0.7341772151898734,TRUE
38-836 Mekoryuk,38-836,344,137,29,3,0,1,0,3,29,0,18,47,65,65,0.4461538461538462,0.4461538461538462,0.046153846153846156,0.27692307692307694,0.7230769230769231,FALSE
38-838 Napakiak,38-838,345,224,35,5,0,0,2,1,23,2,24,45,68,69,0.5147058823529411,0.3382352941176471,0.07352941176470588,0.34782608695652173,0.6521739130434783,FALSE
38-840 Napaskiak,38-840,346,303,44,7,1,0,0,3,12,0,17,51,67,68,0.6567164179104478,0.1791044776119403,0.1044776119402985,0.25,0.75,FALSE
38-842 Newtok,38-842,347,200,21,6,1,1,1,1,18,3,18,37,52,55,0.40384615384615385,0.34615384615384615,0.11538461538461539,0.32727272727272727,0.6727272727272727,FALSE
38-844 Nightmute,38-844,348,146,11,1,0,1,1,1,13,2,14,17,30,31,0.36666666666666664,0.43333333333333335,0.03333333333333333,0.45161290322580644,0.5483870967741935,FALSE
38-846 Nunapitchuk,38-846,349,328,39,12,1,0,2,5,39,0,22,71,98,93,0.3979591836734694,0.3979591836734694,0.12244897959183673,0.23655913978494625,0.7634408602150538,FALSE
38-848 Quinhagak,38-848,350,471,62,9,1,1,1,6,48,1,33,100,129,133,0.4806201550387597,0.37209302325581395,0.06976744186046512,0.24812030075187969,0.7518796992481203,FALSE
38-852 Toksook Bay,38-852,351,429,80,14,4,0,0,3,71,1,51,122,173,173,0.4624277456647399,0.41040462427745666,0.08092485549132948,0.2947976878612717,0.7052023121387283,FALSE
38-854 Tuluksak,38-854,352,260,33,9,2,2,2,5,24,1,34,44,78,78,0.4230769230769231,0.3076923076923077,0.11538461538461539,0.4358974358974359,0.5641025641025641,FALSE
38-856 Tuntutuliak,38-856,353,291,61,5,1,0,2,4,43,1,29,86,117,115,0.5213675213675214,0.36752136752136755,0.042735042735042736,0.25217391304347825,0.7478260869565218,FALSE
38-858 Tununak,38-858,354,244,44,9,0,2,1,2,17,2,33,47,77,80,0.5714285714285714,0.22077922077922077,0.11688311688311688,0.4125,0.5875,FALSE
39-900 Alakanuk,39-900,355,387,37,14,0,0,1,0,30,3,24,56,85,80,0.43529411764705883,0.35294117647058826,0.16470588235294117,0.3,0.7,FALSE
39-902 Brevig Mission,39-902,356,232,50,5,1,0,0,1,38,2,23,73,97,96,0.5154639175257731,0.3917525773195876,0.05154639175257732,0.23958333333333334,0.7604166666666666,FALSE
39-906 Diomede,39-906,357,44,6,1,0,0,0,0,3,0,6,4,10,10,0.6,0.3,0.1,0.6,0.4,FALSE
39-908 Elim,39-908,358,199,32,7,0,0,1,1,60,1,29,63,102,92,0.3137254901960784,0.5882352941176471,0.06862745098039216,0.31521739130434784,0.6847826086956522,FALSE
39-910 Emmonak,39-910,359,507,79,9,1,0,1,0,49,2,45,97,141,142,0.5602836879432624,0.3475177304964539,0.06382978723404255,0.31690140845070425,0.6830985915492958,FALSE
39-912 Gambell,39-912,360,422,58,11,0,0,0,1,64,3,49,71,137,120,0.4233576642335766,0.46715328467153283,0.08029197080291971,0.4083333333333333,0.5916666666666667,FALSE
39-914 Golovin,39-914,361,107,29,0,0,0,0,0,20,0,7,38,49,45,0.5918367346938775,0.40816326530612246,0,0.15555555555555556,0.8444444444444444,FALSE
39-916 Hooper Bay,39-916,362,670,81,9,0,0,0,0,65,5,52,104,160,156,0.50625,0.40625,0.05625,0.3333333333333333,0.6666666666666666,FALSE
39-918 Kotlik,39-918,363,339,59,6,0,0,1,1,39,3,30,78,109,108,0.5412844036697247,0.3577981651376147,0.05504587155963303,0.2777777777777778,0.7222222222222222,FALSE
39-920 Koyuk,39-920,364,202,34,2,0,3,0,0,56,0,40,52,95,92,0.35789473684210527,0.5894736842105263,0.021052631578947368,0.43478260869565216,0.5652173913043478,FALSE
39-921 Marshall,39-921,365,280,31,5,0,0,0,2,45,1,30,53,84,83,0.36904761904761907,0.5357142857142857,0.05952380952380952,0.3614457831325301,0.6385542168674698,FALSE
39-922 Mountain Village,39-922,366,427,65,7,1,0,1,1,52,2,46,82,129,128,0.5038759689922481,0.40310077519379844,0.05426356589147287,0.359375,0.640625,FALSE
39-924 Nome No. 1,39-924,367,1017,153,12,1,3,3,0,125,1,89,193,298,282,0.5134228187919463,0.41946308724832215,0.040268456375838924,0.31560283687943264,0.6843971631205674,FALSE
39-926 Nome No. 2,39-926,368,1718,287,25,6,1,8,2,242,6,180,374,577,554,0.49740034662045063,0.4194107452339688,0.043327556325823226,0.3249097472924188,0.6750902527075813,FALSE
39-928 Nunam Iqua,39-928,369,124,19,2,1,0,0,2,12,0,13,23,36,36,0.5277777777777778,0.3333333333333333,0.05555555555555555,0.3611111111111111,0.6388888888888888,FALSE
39-930 Pilot Station,39-930,370,360,55,10,1,0,1,2,19,3,18,71,91,89,0.6043956043956044,0.2087912087912088,0.10989010989010989,0.20224719101123595,0.797752808988764,FALSE
39-931 Russian Mission,39-931,371,225,23,4,1,0,2,2,23,1,23,33,56,56,0.4107142857142857,0.4107142857142857,0.07142857142857142,0.4107142857142857,0.5892857142857143,FALSE
39-932 Savoonga,39-932,372,484,94,13,1,2,2,0,41,2,46,108,155,154,0.6064516129032258,0.2645161290322581,0.08387096774193549,0.2987012987012987,0.7012987012987013,FALSE
39-934 Scammon Bay,39-934,373,371,54,3,1,0,0,0,42,3,41,61,103,102,0.5242718446601942,0.4077669902912621,0.02912621359223301,0.4019607843137255,0.5980392156862745,FALSE
39-936 Shaktoolik,39-936,374,158,20,1,0,0,0,1,32,0,20,33,54,53,0.37037037037037035,0.5925925925925926,0.018518518518518517,0.37735849056603776,0.6226415094339622,FALSE
39-938 Shishmaref,39-938,375,392,127,5,1,0,0,1,36,2,63,103,172,166,0.7383720930232558,0.20930232558139536,0.029069767441860465,0.3795180722891566,0.6204819277108434,FALSE
39-940 St. Mary's,39-940,376,421,84,4,0,0,0,0,25,1,42,71,114,113,0.7368421052631579,0.21929824561403508,0.03508771929824561,0.37168141592920356,0.6283185840707964,FALSE
39-942 St. Michael,39-942,377,250,21,5,0,0,2,0,30,1,16,42,59,58,0.3559322033898305,0.5084745762711864,0.0847457627118644,0.27586206896551724,0.7241379310344828,FALSE
39-944 Stebbins,39-944,378,322,30,8,0,0,0,1,33,0,23,48,72,71,0.4166666666666667,0.4583333333333333,0.1111111111111111,0.323943661971831,0.676056338028169,FALSE
39-946 Teller,39-946,379,147,19,1,0,0,0,2,14,0,16,15,36,31,0.5277777777777778,0.3888888888888889,0.027777777777777776,0.5161290322580645,0.4838709677419355,FALSE
39-948 Unalakleet,39-948,380,517,120,7,1,0,0,1,88,0,86,120,217,206,0.5529953917050692,0.4055299539170507,0.03225806451612903,0.4174757281553398,0.5825242718446602,FALSE
39-950 Wales,39-950,381,64,5,0,0,0,1,0,2,0,1,7,8,8,0.625,0.25,0,0.125,0.875,FALSE
39-952 White Mountain,39-952,382,146,43,4,0,0,0,0,21,1,22,39,69,61,0.6231884057971014,0.30434782608695654,0.057971014492753624,0.36065573770491804,0.639344262295082,FALSE
40-002 Ambler,40-002,383,158,17,0,0,0,0,0,21,2,16,24,40,40,0.425,0.525,0,0.4,0.6,FALSE
40-004 Anaktuvuk Pass,40-004,384,257,26,0,1,0,0,0,26,2,22,32,55,54,0.4727272727272727,0.4727272727272727,0,0.4074074074074074,0.5925925925925926,FALSE
40-006 Atqasuk,40-006,385,155,7,2,0,0,0,0,26,0,13,24,35,37,0.2,0.7428571428571429,0.05714285714285714,0.35135135135135137,0.6486486486486487,TRUE
40-008 Utqiagvik,40-008,386,966,109,9,2,1,0,1,125,0,96,142,247,238,0.44129554655870445,0.5060728744939271,0.03643724696356275,0.40336134453781514,0.5966386554621849,FALSE
40-010 Browerville,40-010,387,1994,278,19,2,0,3,1,331,6,235,392,640,627,0.434375,0.5171875,0.0296875,0.3748006379585327,0.6251993620414673,FALSE
40-012 Buckland,40-012,388,291,30,6,0,0,3,0,40,2,17,57,81,74,0.37037037037037035,0.49382716049382713,0.07407407407407407,0.22972972972972974,0.7702702702702703,FALSE
40-014 Deering,40-014,389,86,18,3,0,1,1,0,13,0,13,23,36,36,0.5,0.3611111111111111,0.08333333333333333,0.3611111111111111,0.6388888888888888,FALSE
40-016 Kaktovik,40-016,390,188,12,0,1,0,1,1,57,1,28,41,73,69,0.1643835616438356,0.7808219178082192,0,0.4057971014492754,0.5942028985507246,FALSE
40-018 Kiana,40-018,391,252,24,5,1,0,0,1,28,0,15,32,59,47,0.4067796610169492,0.4745762711864407,0.0847457627118644,0.3191489361702128,0.6808510638297872,FALSE
40-020 Kivalina,40-020,392,239,17,6,4,1,2,2,25,2,26,34,59,60,0.288135593220339,0.423728813559322,0.1016949152542373,0.43333333333333335,0.5666666666666667,FALSE
40-022 Kobuk,40-022,393,80,20,0,0,0,0,1,14,2,13,21,37,34,0.5405405405405406,0.3783783783783784,0,0.38235294117647056,0.6176470588235294,FALSE
40-024 Kotzebue,40-024,394,1917,280,21,4,1,4,3,242,10,193,353,565,546,0.49557522123893805,0.4283185840707965,0.037168141592920353,0.3534798534798535,0.6465201465201466,FALSE
40-026 Noatak,40-026,395,332,19,9,3,0,1,1,66,0,37,60,99,97,0.1919191919191919,0.6666666666666666,0.09090909090909091,0.38144329896907214,0.6185567010309279,TRUE
40-028 Noorvik,40-028,396,362,27,4,2,1,0,2,57,1,34,47,94,81,0.2872340425531915,0.6063829787234043,0.0425531914893617,0.41975308641975306,0.5802469135802469,FALSE
40-030 Nuiqsut,40-030,397,271,18,3,0,0,1,0,15,1,8,33,38,41,0.47368421052631576,0.39473684210526316,0.07894736842105263,0.1951219512195122,0.8048780487804879,FALSE
40-032 Point Hope,40-032,398,464,41,8,2,1,0,0,66,1,56,62,119,118,0.3445378151260504,0.5546218487394958,0.06722689075630252,0.4745762711864407,0.5254237288135594,FALSE
40-034 Point Lay,40-034,399,155,9,1,2,1,1,0,15,1,13,15,30,28,0.3,0.5,0.03333333333333333,0.4642857142857143,0.5357142857142857,FALSE
40-036 Selawik,40-036,400,427,19,4,0,0,0,0,54,0,32,33,77,65,0.24675324675324675,0.7012987012987013,0.05194805194805195,0.49230769230769234,0.5076923076923077,FALSE
40-038 Shungnak,40-038,401,143,30,1,0,0,0,0,15,0,11,31,46,42,0.6521739130434783,0.32608695652173914,0.021739130434782608,0.2619047619047619,0.7380952380952381,FALSE
40-040 Wainwright,40-040,402,371,29,2,2,0,0,0,93,2,50,74,128,124,0.2265625,0.7265625,0.015625,0.4032258064516129,0.5967741935483871,FALSE
District 1 - Absentee,1-Jan,404,0,1311,42,21,2,16,4,1608,14,1498,1341,3018,2839,0.43439363817097415,0.532803180914513,0.013916500994035786,0.5276505811905601,0.4723494188094399,FALSE
District 2 - Absentee,1-Feb,405,0,2455,69,21,4,34,2,2026,16,1879,2576,4627,4455,0.530581370218284,0.43786470715366327,0.014912470283120812,0.4217732884399551,0.5782267115600449,FALSE
District 3 - Absentee,1-Mar,406,0,1726,31,22,9,22,5,846,14,861,1645,2675,2506,0.645233644859813,0.31626168224299067,0.011588785046728972,0.3435754189944134,0.6564245810055865,FALSE
District 4 - Absentee,1-Apr,407,0,1241,19,10,4,19,0,352,13,370,1191,1658,1561,0.7484921592279855,0.21230398069963813,0.011459589867310011,0.2370275464445868,0.7629724535554132,FALSE
District 5 - Absentee,3-May,408,0,1476,47,38,6,30,5,1490,12,1300,1578,3104,2878,0.47551546391752575,0.4800257731958763,0.015141752577319588,0.45170257123002083,0.5482974287699791,FALSE
District 6 - Absentee,3-Jun,409,0,1195,31,14,3,23,10,1081,11,1042,1186,2368,2228,0.5046452702702703,0.4565033783783784,0.013091216216216216,0.46768402154398564,0.5323159784560144,FALSE
District 7 - Absentee,3-Jul,410,0,566,23,10,5,6,4,1078,4,951,634,1696,1585,0.33372641509433965,0.6356132075471698,0.013561320754716982,0.6,0.4,FALSE
District 8 - Absentee,3-Aug,411,0,787,24,10,6,4,3,1412,6,1321,833,2252,2154,0.3494671403197158,0.6269982238010657,0.010657193605683837,0.6132776230269267,0.3867223769730734,FALSE
District 9 - Absentee,3-Sep,412,0,1970,37,15,9,24,3,1202,8,1172,2002,3268,3174,0.6028151774785802,0.3678090575275398,0.011321909424724603,0.3692501575299307,0.6307498424700693,FALSE
District 10 - Absentee,3-Oct,413,0,1155,24,15,3,16,4,724,5,726,1165,1946,1891,0.5935251798561151,0.3720452209660843,0.012332990750256937,0.38392384981491273,0.6160761501850872,FALSE
District 11 - Absentee,3-Nov,414,0,1522,28,24,4,15,2,926,5,886,1555,2526,2441,0.6025336500395883,0.3665874901029295,0.011084718923198733,0.362965997541991,0.637034002458009,FALSE
District 12 - Absentee,3-Dec,415,0,1237,21,9,5,12,1,676,9,606,1290,1970,1896,0.6279187817258883,0.3431472081218274,0.01065989847715736,0.31962025316455694,0.680379746835443,FALSE
District 13 - Absentee,13-3,416,0,1043,23,13,5,13,4,543,6,548,1001,1650,1549,0.6321212121212121,0.3290909090909091,0.013939393939393939,0.3537766300839251,0.6462233699160749,FALSE
District 14 - Absentee,14-3,417,0,1289,31,14,3,21,3,474,10,483,1304,1845,1787,0.6986449864498645,0.25691056910569104,0.016802168021680216,0.2702853945159485,0.7297146054840515,FALSE
District 15 - Absentee,15-3,418,0,1243,33,23,1,10,2,809,5,756,1296,2126,2052,0.5846660395108184,0.3805268109125118,0.015522107243650047,0.3684210526315789,0.631578947368421,FALSE
District 16 - Absentee,16-3,419,0,1497,34,22,0,15,1,664,12,647,1524,2245,2171,0.666815144766147,0.29576837416481067,0.015144766146993319,0.2980193459235375,0.7019806540764625,FALSE
District 17 - Absentee,17-3,420,0,1591,24,21,2,22,2,578,11,607,1538,2251,2145,0.706796979120391,0.2567747667703243,0.010661928031985785,0.282983682983683,0.717016317016317,FALSE
District 18 - Absentee,18-3,421,0,733,23,13,2,3,1,786,2,682,657,1563,1339,0.4689699296225208,0.5028790786948176,0.01471529110684581,0.5093353248693054,0.49066467513069456,FALSE
District 19 - Absentee,19-3,422,0,774,12,7,0,17,2,308,11,292,781,1131,1073,0.6843501326259946,0.2723253757736516,0.010610079575596816,0.2721342031686859,0.727865796831314,FALSE
District 20 - Absentee,20-3,423,0,1150,18,7,8,11,4,591,8,539,1173,1797,1712,0.6399554813578185,0.328881469115192,0.01001669449081803,0.3148364485981308,0.6851635514018691,FALSE
District 21 - Absentee,21-3,424,0,1567,27,15,10,39,2,798,6,812,1573,2464,2385,0.6359577922077922,0.32386363636363635,0.010957792207792208,0.34046121593291406,0.659538784067086,FALSE
District 22 - Absentee,22-3,425,0,703,16,11,1,7,4,462,8,449,705,1212,1154,0.58003300330033,0.3811881188118812,0.013201320132013201,0.38908145580589254,0.6109185441941074,FALSE
District 23 - Absentee,23-3,426,0,1344,33,37,9,15,4,1275,5,1142,1416,2722,2558,0.4937545922116091,0.46840558412931665,0.012123438648052902,0.4464425332290852,0.5535574667709148,FALSE
District 24 - Absentee,24-3,427,0,874,34,24,4,10,4,1076,9,973,951,2035,1924,0.4294840294840295,0.5287469287469287,0.016707616707616706,0.5057172557172557,0.49428274428274427,FALSE
District 25 - Absentee,25-3,428,0,653,24,14,7,13,3,863,2,765,735,1579,1500,0.4135528815706143,0.5465484483850538,0.015199493350221659,0.51,0.49,FALSE
District 26 - Absentee,26-3,429,0,450,12,6,2,5,0,898,5,811,493,1378,1304,0.3265602322206096,0.6516690856313497,0.008708272859216255,0.6219325153374233,0.37806748466257667,FALSE
District 27 - Absentee,27-3,430,0,401,17,13,1,4,1,867,1,762,456,1305,1218,0.30727969348659,0.66436781609195406,0.013026819923371647,0.625615763546798,0.37438423645320196,FALSE
District 28 - Absentee,28-3,431,0,478,13,15,4,5,2,869,3,777,547,1389,1324,0.3441324694024478,0.6256299496040317,0.009359251259899209,0.5868580060422961,0.4131419939577039,FALSE
District 29 - Absentee,29-3,432,0,754,31,26,6,15,1,1170,6,1058,840,2009,1898,0.375311100049776,0.5823792931806869,0.015430562468889995,0.5574288724973656,0.44257112750263433,FALSE
District 30 - Absentee,30,433,0,1168,38,19,3,15,7,2061,5,1923,1264,3316,3187,0.35223160434258144,0.6215319662243667,0.011459589867310011,0.6033887668653907,0.39661123313460933,FALSE
District 31 - Absentee,31-4,434,0,574,20,10,4,6,1,534,2,473,565,1151,1038,0.49869678540399653,0.4639443961772372,0.01737619461337967,0.4556840077071291,0.5443159922928709,FALSE
District 32 - Absentee,32-4,435,0,415,6,13,3,7,2,557,4,509,391,1007,900,0.41211519364448856,0.5531281032770605,0.005958291956305859,0.5655555555555556,0.43444444444444447,FALSE
District 33 - Absentee,33-4,436,0,472,16,14,7,10,0,738,4,683,502,1261,1185,0.37430610626486915,0.5852498017446471,0.012688342585249802,0.5763713080168776,0.42362869198312236,FALSE
District 34 - Absentee,34-4,437,0,748,24,18,4,10,8,734,3,667,788,1549,1455,0.4828921885087153,0.47385409941898,0.015493867010974823,0.4584192439862543,0.5415807560137457,FALSE
District 35 - Absentee,35-4,438,0,813,16,19,3,24,5,527,5,505,817,1412,1322,0.5757790368271954,0.37322946175637395,0.0113314447592068,0.38199697428139184,0.6180030257186082,FALSE
District 36 - Absentee,36,439,0,872,38,15,11,11,3,1391,10,1325,927,2351,2252,0.3709059974478945,0.5916631220757125,0.016163334751169715,0.5883658969804618,0.4116341030195382,FALSE
District 37 - Absentee,37,440,0,560,19,8,1,7,2,539,3,470,566,1139,1036,0.4916593503072871,0.47322212467076386,0.016681299385425813,0.45366795366795365,0.5463320463320464,FALSE
District 38 - Absentee,38-4,441,0,331,17,4,3,1,3,168,2,179,327,529,506,0.6257088846880907,0.31758034026465026,0.03213610586011342,0.35375494071146246,0.6462450592885376,FALSE
District 39 - Absentee,39,442,0,275,14,2,2,2,0,204,4,196,281,503,477,0.5467196819085487,0.40556660039761433,0.027833001988071572,0.4109014675052411,0.589098532494759,FALSE
District 40 - Absentee,40-2,443,0,228,16,1,1,2,1,190,4,180,246,443,426,0.5146726862302483,0.4288939051918736,0.03611738148984198,0.4225352112676056,0.5774647887323944,FALSE
District 1 - Early Voting,NA,444,0,13,0,0,0,0,0,7,0,6,13,20,19,0.65,0.35,0,0.3157894736842105,0.6842105263157895,FALSE
District 2 - Early Voting,NA,445,0,40,1,2,0,2,0,30,0,26,48,75,74,0.5333333333333333,0.4,0.013333333333333334,0.35135135135135137,0.6486486486486487,FALSE
District 3 - Early Voting,NA,446,0,2043,37,20,9,17,7,1403,8,1199,2260,3544,3459,0.5764672686230248,0.3958803611738149,0.01044018058690745,0.34663197455912115,0.6533680254408789,FALSE
District 4 - Early Voting,NA,447,0,2656,45,23,9,41,7,1033,18,937,2811,3832,3748,0.6931106471816284,0.2695720250521921,0.01174321503131524,0.25,0.75,FALSE
District 5 - Early Voting,NA,448,0,27,0,0,0,0,1,34,0,32,28,62,60,0.43548387096774194,0.5483870967741935,0,0.5333333333333333,0.4666666666666667,FALSE
District 6 - Early Voting,NA,449,0,1804,48,27,5,42,8,2107,13,1976,1980,4054,3956,0.444992599901332,0.5197335964479527,0.011840157868771583,0.4994944388270981,0.5005055611729019,FALSE
District 7 - Early Voting,NA,450,0,956,39,24,3,8,3,2585,2,2316,1176,3620,3492,0.2640883977900553,0.7140883977900553,0.010773480662983425,0.6632302405498282,0.33676975945017185,FALSE
District 8 - Early Voting,NA,451,0,660,21,12,1,9,2,2454,5,2262,818,3164,3080,0.20859671302149177,0.7756005056890013,0.00663716814159292,0.7344155844155844,0.2655844155844156,FALSE
District 9 - Early Voting,NA,452,0,1032,13,10,2,9,2,1082,3,1036,1097,2153,2133,0.4793311658151417,0.5025545750116117,0.006038086391082211,0.4857008907641819,0.5142991092358181,FALSE
District 10 - Early Voting,NA,453,0,710,13,8,2,4,2,808,4,771,751,1551,1522,0.4577691811734365,0.5209542230818827,0.008381689232753063,0.5065703022339028,0.49342969776609724,FALSE
District 11 - Early Voting,NA,454,0,822,10,12,2,7,2,917,1,875,870,1773,1745,0.46362098138747887,0.5172024816694868,0.0056401579244218835,0.501432664756447,0.498567335243553,FALSE
District 12 - Early Voting,NA,455,0,812,12,6,0,3,2,761,1,722,843,1597,1565,0.5084533500313086,0.4765184721352536,0.007514088916718848,0.46134185303514375,0.5386581469648563,FALSE
District 13 - Early Voting,NA,456,0,636,17,9,3,7,3,702,6,645,696,1383,1341,0.4598698481561822,0.5075921908893709,0.012292118582791034,0.4809843400447427,0.5190156599552572,FALSE
District 14 - Early Voting,NA,457,0,966,10,13,1,12,2,609,10,567,1006,1623,1573,0.5951940850277264,0.3752310536044362,0.0061614294516327784,0.3604577240940877,0.6395422759059123,FALSE
District 15 - Early Voting,NA,458,0,810,18,6,2,4,2,893,2,832,872,1737,1704,0.46632124352331605,0.514104778353483,0.010362694300518135,0.48826291079812206,0.5117370892018779,FALSE
District 16 - Early Voting,NA,459,0,1062,16,11,0,4,6,712,11,682,1120,1822,1802,0.5828759604829857,0.3907793633369923,0.008781558726673985,0.37846836847946724,0.6215316315205327,FALSE
District 17 - Early Voting,NA,460,0,1414,24,8,1,13,2,621,8,603,1438,2091,2041,0.676231468197035,0.296987087517934,0.011477761836441894,0.2954434100930916,0.7045565899069084,FALSE
District 18 - Early Voting,NA,461,0,256,8,2,1,6,1,232,1,205,276,507,481,0.504930966469428,0.45759368836291914,0.015779092702169626,0.4261954261954262,0.5738045738045738,FALSE
District 19 - Early Voting,NA,462,0,515,8,4,5,9,2,277,7,266,530,827,796,0.6227327690447401,0.3349455864570738,0.009673518742442563,0.3341708542713568,0.6658291457286433,FALSE
District 20 - Early Voting,NA,463,0,685,10,10,0,13,3,570,3,540,735,1294,1275,0.5293663060278208,0.44049459041731065,0.0077279752704791345,0.4235294117647059,0.5764705882352941,FALSE
District 21 - Early Voting,NA,464,0,796,8,7,3,11,3,697,7,686,819,1532,1505,0.5195822454308094,0.4549608355091384,0.005221932114882507,0.4558139534883721,0.5441860465116279,FALSE
District 22 - Early Voting,NA,465,0,447,6,2,0,8,2,447,5,420,458,917,878,0.48745910577971646,0.48745910577971646,0.006543075245365322,0.4783599088838269,0.5216400911161732,FALSE
District 23 - Early Voting,NA,466,0,1222,45,24,9,5,9,2186,4,2019,1425,3504,3444,0.3487442922374429,0.6238584474885844,0.012842465753424657,0.5862369337979094,0.4137630662020906,FALSE
District 24 - Early Voting,NA,467,0,974,22,25,5,9,7,2192,10,2018,1169,3244,3187,0.3002466091245376,0.6757090012330457,0.006781750924784217,0.633197364292438,0.366802635707562,FALSE
District 25 - Early Voting,NA,468,0,1122,44,16,2,12,3,2210,6,2026,1278,3415,3304,0.32855051244509514,0.6471449487554904,0.01288433382137628,0.6131961259079903,0.38680387409200967,FALSE
District 26 - Early Voting,NA,469,0,521,25,7,0,6,3,2123,3,1977,644,2688,2621,0.19382440476190477,0.7898065476190477,0.009300595238095238,0.7542922548645555,0.2457077451354445,FALSE
District 27 - Early Voting,NA,470,0,562,26,15,4,4,4,2116,1,1906,731,2732,2637,0.20571010248901903,0.7745241581259151,0.00951683748169839,0.7227910504361016,0.27720894956389835,FALSE
District 28 - Early Voting,NA,471,0,692,29,21,3,8,4,2266,9,2077,867,3032,2944,0.22823218997361477,0.7473614775725593,0.009564643799472295,0.7055027173913043,0.2944972826086957,FALSE
District 29 - Early Voting,NA,472,0,616,27,16,2,13,6,2110,7,1955,777,2797,2732,0.2202359671076153,0.7543796925277083,0.009653199856989631,0.7155929721815519,0.284407027818448,FALSE
District 30 - Early Voting,NA,473,0,223,12,1,1,5,1,922,1,852,278,1166,1130,0.19125214408233276,0.79073756432247,0.010291595197255575,0.7539823008849558,0.24601769911504426,FALSE
District 31 - Early Voting,NA,474,0,964,21,12,5,21,2,915,3,840,1065,1943,1905,0.4961399897066392,0.4709212557900154,0.01080802882141019,0.4409448818897638,0.5590551181102362,FALSE
District 32 - Early Voting,NA,475,0,395,10,7,0,8,1,663,4,556,486,1088,1042,0.3630514705882353,0.609375,0.009191176470588236,0.5335892514395394,0.46641074856046066,FALSE
District 33 - Early Voting,NA,476,0,430,27,8,3,5,2,1210,2,1092,550,1687,1642,0.25489033787788973,0.7172495554238293,0.016004742145820983,0.6650426309378806,0.33495736906211937,FALSE
District 34 - Early Voting,NA,477,0,1099,28,14,5,18,2,1360,6,1224,1258,2532,2482,0.434044233807267,0.5371248025276462,0.011058451816745656,0.4931506849315068,0.5068493150684932,FALSE
District 35 - Early Voting,NA,478,0,1482,28,15,9,31,6,1069,18,972,1635,2658,2607,0.5575620767494357,0.40218209179834463,0.010534236267870579,0.37284234752589185,0.6271576524741082,FALSE
District 36 - Early Voting,NA,479,0,431,9,9,4,13,1,254,2,230,477,723,707,0.5961272475795297,0.35131396957123096,0.012448132780082987,0.32531824611032534,0.6746817538896747,FALSE
District 37 - Early Voting,NA,480,0,48,0,1,1,0,0,49,3,45,54,102,99,0.47058823529411764,0.4803921568627451,0,0.45454545454545453,0.5454545454545454,FALSE
District 38 - Early Voting,NA,481,0,19,0,0,0,0,1,10,0,8,20,30,28,0.6333333333333333,0.3333333333333333,0,0.2857142857142857,0.7142857142857143,FALSE
District 39 - Early Voting,NA,482,0,135,4,0,1,2,0,76,2,81,138,220,219,0.6136363636363636,0.34545454545454546,0.01818181818181818,0.3698630136986301,0.6301369863013698,FALSE
District 40 - Early Voting,NA,483,0,24,3,0,0,0,0,17,0,18,25,44,43,0.5454545454545454,0.38636363636363635,0.06818181818181818,0.4186046511627907,0.5813953488372093,FALSE
District 1  - Question,NA,484,0,167,16,6,0,3,1,301,1,182,183,495,365,0.3373737373737374,0.6080808080808081,0.03232323232323232,0.4986301369863014,0.5013698630136987,FALSE
District 2  - Question,NA,485,0,98,9,3,2,6,0,147,0,84,74,265,158,0.36981132075471695,0.5547169811320755,0.033962264150943396,0.5316455696202531,0.46835443037974683,FALSE
District 3  - Question,NA,486,0,138,9,11,0,4,1,139,2,74,142,304,216,0.45394736842105265,0.45723684210526316,0.029605263157894735,0.3425925925925926,0.6574074074074074,FALSE
District 4  - Question,NA,487,0,192,16,8,3,5,2,191,2,103,229,419,332,0.45823389021479716,0.45584725536992843,0.03818615751789976,0.3102409638554217,0.6897590361445783,FALSE
District 5  - Question,NA,488,0,94,6,2,0,5,1,254,1,145,95,363,240,0.25895316804407714,0.699724517906336,0.01652892561983471,0.6041666666666666,0.3958333333333333,FALSE
District 6  - Question,NA,489,0,89,5,6,0,3,0,235,1,128,84,339,212,0.26253687315634217,0.6932153392330384,0.014749262536873156,0.6037735849056604,0.39622641509433965,FALSE
District 7  - Question,NA,490,0,46,7,2,0,2,2,235,0,133,71,294,204,0.1564625850340136,0.7993197278911565,0.023809523809523808,0.6519607843137255,0.3480392156862745,FALSE
District 8  - Question,NA,491,0,24,3,2,0,1,1,165,0,86,40,196,126,0.12244897959183673,0.8418367346938775,0.015306122448979591,0.6825396825396826,0.31746031746031744,FALSE
District 9  - Question,NA,492,0,97,7,4,0,5,0,138,1,94,98,252,192,0.38492063492063494,0.5476190476190477,0.027777777777777776,0.4895833333333333,0.5104166666666666,FALSE
District 10  - Question,NA,493,0,98,10,6,0,3,0,135,1,86,104,253,190,0.38735177865612647,0.5335968379446641,0.039525691699604744,0.45263157894736844,0.5473684210526316,FALSE
District 11  - Question,NA,494,0,89,0,3,0,2,1,141,1,88,96,237,184,0.3755274261603376,0.5949367088607594,0,0.4782608695652174,0.5217391304347826,FALSE
District 12  - Question,NA,495,0,93,6,2,1,3,1,128,1,76,116,235,192,0.39574468085106385,0.5446808510638298,0.02553191489361702,0.3958333333333333,0.6041666666666666,FALSE
District 13  - Question,NA,496,0,130,7,5,3,1,0,191,2,126,157,339,283,0.3834808259587021,0.5634218289085545,0.02064896755162242,0.4452296819787986,0.5547703180212014,FALSE
District 14  - Question,NA,497,0,196,7,6,0,4,0,210,0,160,183,423,343,0.46335697399527187,0.49645390070921985,0.016548463356973995,0.46647230320699706,0.5335276967930029,FALSE
District 15  - Question,NA,498,0,103,4,4,1,2,2,160,1,99,114,277,213,0.37184115523465705,0.5776173285198556,0.01444043321299639,0.4647887323943662,0.5352112676056338,FALSE
District 16  - Question,NA,499,0,112,11,3,1,5,0,163,3,97,135,298,232,0.37583892617449666,0.5469798657718121,0.03691275167785235,0.41810344827586204,0.5818965517241379,FALSE
District 17  - Question,NA,500,0,192,7,7,2,8,1,162,4,105,195,383,300,0.5013054830287206,0.42297650130548303,0.018276762402088774,0.35,0.65,FALSE
District 18  - Question,NA,501,0,214,14,11,2,3,0,581,4,79,111,829,190,0.25814234016887816,0.7008443908323281,0.016887816646562123,0.41578947368421054,0.5842105263157895,FALSE
District 19  - Question,NA,502,0,178,12,3,1,5,3,186,2,110,165,390,275,0.4564102564102564,0.47692307692307695,0.03076923076923077,0.4,0.6,FALSE
District 20  - Question,NA,503,0,164,5,6,0,4,2,183,2,110,157,366,267,0.44808743169398907,0.5,0.01366120218579235,0.41198501872659177,0.5880149812734082,FALSE
District 21  - Question,NA,504,0,171,7,6,1,3,1,198,2,129,190,389,319,0.43958868894601544,0.5089974293059126,0.017994858611825194,0.4043887147335423,0.5956112852664577,FALSE
District 22  - Question,NA,505,0,114,4,1,1,2,2,181,2,87,134,307,221,0.3713355048859935,0.5895765472312704,0.013029315960912053,0.3936651583710407,0.6063348416289592,FALSE
District 23  - Question,NA,506,0,93,9,9,1,4,1,206,0,117,98,323,215,0.28792569659442724,0.6377708978328174,0.02786377708978328,0.5441860465116279,0.4558139534883721,FALSE
District 24  - Question,NA,507,0,87,12,7,0,1,3,219,2,137,118,331,255,0.2628398791540785,0.6616314199395771,0.03625377643504532,0.5372549019607843,0.4627450980392157,FALSE
District 25  - Question,NA,508,0,91,13,3,0,3,0,323,0,200,102,433,302,0.21016166281755197,0.745958429561201,0.03002309468822171,0.6622516556291391,0.33774834437086093,FALSE
District 26  - Question,NA,509,0,75,9,6,1,2,2,328,0,213,110,423,323,0.1773049645390071,0.7754137115839244,0.02127659574468085,0.6594427244582043,0.34055727554179566,FALSE
District 27  - Question,NA,510,0,72,9,6,0,2,2,402,0,261,114,493,375,0.1460446247464503,0.8154158215010142,0.018255578093306288,0.696,0.304,FALSE
District 28  - Question,NA,511,0,72,13,6,2,2,1,337,1,217,125,434,342,0.16589861751152074,0.7764976958525346,0.029953917050691243,0.6345029239766082,0.3654970760233918,FALSE
District 29  - Question,NA,512,0,82,7,2,0,3,0,285,1,189,108,380,297,0.21578947368421053,0.75,0.018421052631578946,0.6363636363636364,0.36363636363636365,FALSE
District 30  - Question,NA,513,0,76,4,5,0,2,0,309,2,204,97,398,301,0.19095477386934673,0.7763819095477387,0.010050251256281407,0.6777408637873754,0.3222591362126246,FALSE
District 31  - Question,NA,514,0,125,3,2,2,2,1,187,1,111,131,323,242,0.38699690402476783,0.5789473684210527,0.009287925696594427,0.45867768595041325,0.5413223140495868,FALSE
District 32  - Question,NA,515,0,155,12,12,1,2,0,654,1,120,93,837,213,0.18518518518518517,0.7813620071684588,0.014336917562724014,0.5633802816901409,0.43661971830985913,FALSE
District 33  - Question,NA,516,0,61,6,4,2,0,2,226,1,120,74,302,194,0.20198675496688742,0.7483443708609272,0.019867549668874173,0.6185567010309279,0.38144329896907214,FALSE
District 34  - Question,NA,517,0,174,15,4,2,0,3,480,1,168,129,679,297,0.25625920471281294,0.7069219440353461,0.022091310751104567,0.5656565656565656,0.43434343434343436,FALSE
District 35  - Question,NA,518,0,115,7,5,0,4,3,190,1,108,151,325,259,0.35384615384615387,0.5846153846153846,0.021538461538461538,0.416988416988417,0.583011583011583,FALSE
District 36  - Question,NA,519,0,106,10,2,0,1,1,255,1,156,124,376,280,0.28191489361702127,0.6781914893617021,0.026595744680851064,0.5571428571428572,0.44285714285714284,FALSE
District 37  - Question,NA,520,0,51,2,0,0,0,2,126,1,66,57,182,123,0.2802197802197802,0.6923076923076923,0.01098901098901099,0.5365853658536586,0.4634146341463415,FALSE
District 38  - Question,NA,521,0,94,4,3,1,4,1,153,2,97,122,262,219,0.35877862595419846,0.583969465648855,0.015267175572519083,0.4429223744292237,0.5570776255707762,FALSE
District 39  - Question,NA,522,0,55,2,0,1,3,2,104,1,62,60,168,122,0.3273809523809524,0.6190476190476191,0.011904761904761904,0.5081967213114754,0.4918032786885246,FALSE
District 40  - Question,NA,523,0,80,8,1,0,3,2,152,2,86,99,248,185,0.3225806451612903,0.6129032258064516,0.03225806451612903,0.4648648648648649,0.5351351351351351,FALSE
